year,region,waste_type,tech_scenario,tech,percent
2025,China,Fly_Ash_Coal,BAU,Fly_Ash_Coal_tech1,0.324
2030,China,Fly_Ash_Coal,BAU,Fly_Ash_Coal_tech1,0.231428571
2035,China,Fly_Ash_Coal,BAU,Fly_Ash_Coal_tech1,0.173571429
2040,China,Fly_Ash_Coal,BAU,Fly_Ash_Coal_tech1,0.115714286
2045,China,Fly_Ash_Coal,BAU,Fly_Ash_Coal_tech1,0.057857143
2050,China,Fly_Ash_Coal,BAU,Fly_Ash_Coal_tech1,0
2025,China,Fly_Ash_Coal,BAU,Fly_Ash_Coal_tech2,0.264
2030,China,Fly_Ash_Coal,BAU,Fly_Ash_Coal_tech2,0.300152156
2035,China,Fly_Ash_Coal,BAU,Fly_Ash_Coal_tech2,0.322747253
2040,China,Fly_Ash_Coal,BAU,Fly_Ash_Coal_tech2,0.34534235
2045,China,Fly_Ash_Coal,BAU,Fly_Ash_Coal_tech2,0.367937447
2050,China,Fly_Ash_Coal,BAU,Fly_Ash_Coal_tech2,0.390532544
2025,China,Fly_Ash_Coal,BAU,Fly_Ash_Coal_tech3,0.155
2030,China,Fly_Ash_Coal,BAU,Fly_Ash_Coal_tech3,0.176225697
2035,China,Fly_Ash_Coal,BAU,Fly_Ash_Coal_tech3,0.189491758
2040,China,Fly_Ash_Coal,BAU,Fly_Ash_Coal_tech3,0.202757819
2045,China,Fly_Ash_Coal,BAU,Fly_Ash_Coal_tech3,0.21602388
2050,China,Fly_Ash_Coal,BAU,Fly_Ash_Coal_tech3,0.229289941
2025,China,Fly_Ash_Coal,BAU,Fly_Ash_Coal_tech4,0.081
2030,China,Fly_Ash_Coal,BAU,Fly_Ash_Coal_tech4,0.092092139
2035,China,Fly_Ash_Coal,BAU,Fly_Ash_Coal_tech4,0.099024725
2040,China,Fly_Ash_Coal,BAU,Fly_Ash_Coal_tech4,0.105957312
2045,China,Fly_Ash_Coal,BAU,Fly_Ash_Coal_tech4,0.112889899
2050,China,Fly_Ash_Coal,BAU,Fly_Ash_Coal_tech4,0.119822485
2025,China,Fly_Ash_Coal,BAU,Fly_Ash_Coal_tech5,0.176
2030,China,Fly_Ash_Coal,BAU,Fly_Ash_Coal_tech5,0.200101437
2035,China,Fly_Ash_Coal,BAU,Fly_Ash_Coal_tech5,0.215164835
2040,China,Fly_Ash_Coal,BAU,Fly_Ash_Coal_tech5,0.230228233
2045,China,Fly_Ash_Coal,BAU,Fly_Ash_Coal_tech5,0.245291631
2050,China,Fly_Ash_Coal,BAU,Fly_Ash_Coal_tech5,0.26035503
2025,India,Fly_Ash_Coal,BAU,Fly_Ash_Coal_tech1,0.308
2030,India,Fly_Ash_Coal,BAU,Fly_Ash_Coal_tech1,0.22
2035,India,Fly_Ash_Coal,BAU,Fly_Ash_Coal_tech1,0.165
2040,India,Fly_Ash_Coal,BAU,Fly_Ash_Coal_tech1,0.11
2045,India,Fly_Ash_Coal,BAU,Fly_Ash_Coal_tech1,0.055
2050,India,Fly_Ash_Coal,BAU,Fly_Ash_Coal_tech1,0
2025,India,Fly_Ash_Coal,BAU,Fly_Ash_Coal_tech2,0.502
2030,India,Fly_Ash_Coal,BAU,Fly_Ash_Coal_tech2,0.56583815
2035,India,Fly_Ash_Coal,BAU,Fly_Ash_Coal_tech2,0.605745275
2040,India,Fly_Ash_Coal,BAU,Fly_Ash_Coal_tech2,0.645609084
2045,India,Fly_Ash_Coal,BAU,Fly_Ash_Coal_tech2,0.685478989
2050,India,Fly_Ash_Coal,BAU,Fly_Ash_Coal_tech2,0.72535438
2025,India,Fly_Ash_Coal,BAU,Fly_Ash_Coal_tech3,0.022
2030,India,Fly_Ash_Coal,BAU,Fly_Ash_Coal_tech3,0.024
2035,India,Fly_Ash_Coal,BAU,Fly_Ash_Coal_tech3,0.026
2040,India,Fly_Ash_Coal,BAU,Fly_Ash_Coal_tech3,0.028
2045,India,Fly_Ash_Coal,BAU,Fly_Ash_Coal_tech3,0.03
2050,India,Fly_Ash_Coal,BAU,Fly_Ash_Coal_tech3,0.031
2025,India,Fly_Ash_Coal,BAU,Fly_Ash_Coal_tech4,0.072
2030,India,Fly_Ash_Coal,BAU,Fly_Ash_Coal_tech4,0.081
2035,India,Fly_Ash_Coal,BAU,Fly_Ash_Coal_tech4,0.087
2040,India,Fly_Ash_Coal,BAU,Fly_Ash_Coal_tech4,0.092
2045,India,Fly_Ash_Coal,BAU,Fly_Ash_Coal_tech4,0.098
2050,India,Fly_Ash_Coal,BAU,Fly_Ash_Coal_tech4,0.104
2025,India,Fly_Ash_Coal,BAU,Fly_Ash_Coal_tech5,0.096
2030,India,Fly_Ash_Coal,BAU,Fly_Ash_Coal_tech5,0.109
2035,India,Fly_Ash_Coal,BAU,Fly_Ash_Coal_tech5,0.117
2040,India,Fly_Ash_Coal,BAU,Fly_Ash_Coal_tech5,0.125
2045,India,Fly_Ash_Coal,BAU,Fly_Ash_Coal_tech5,0.132
2050,India,Fly_Ash_Coal,BAU,Fly_Ash_Coal_tech5,0.14
2025,Brazil,Fly_Ash_Coal,BAU,Fly_Ash_Coal_tech1,0.308
2030,Brazil,Fly_Ash_Coal,BAU,Fly_Ash_Coal_tech1,0.22
2035,Brazil,Fly_Ash_Coal,BAU,Fly_Ash_Coal_tech1,0.165
2040,Brazil,Fly_Ash_Coal,BAU,Fly_Ash_Coal_tech1,0.11
2045,Brazil,Fly_Ash_Coal,BAU,Fly_Ash_Coal_tech1,0.055
2050,Brazil,Fly_Ash_Coal,BAU,Fly_Ash_Coal_tech1,0
2025,Brazil,Fly_Ash_Coal,BAU,Fly_Ash_Coal_tech2,0.502
2030,Brazil,Fly_Ash_Coal,BAU,Fly_Ash_Coal_tech2,0.56583815
2035,Brazil,Fly_Ash_Coal,BAU,Fly_Ash_Coal_tech2,0.605745275
2040,Brazil,Fly_Ash_Coal,BAU,Fly_Ash_Coal_tech2,0.645609084
2045,Brazil,Fly_Ash_Coal,BAU,Fly_Ash_Coal_tech2,0.685478989
2050,Brazil,Fly_Ash_Coal,BAU,Fly_Ash_Coal_tech2,0.72535438
2025,Brazil,Fly_Ash_Coal,BAU,Fly_Ash_Coal_tech3,0.022
2030,Brazil,Fly_Ash_Coal,BAU,Fly_Ash_Coal_tech3,0.024
2035,Brazil,Fly_Ash_Coal,BAU,Fly_Ash_Coal_tech3,0.026
2040,Brazil,Fly_Ash_Coal,BAU,Fly_Ash_Coal_tech3,0.028
2045,Brazil,Fly_Ash_Coal,BAU,Fly_Ash_Coal_tech3,0.03
2050,Brazil,Fly_Ash_Coal,BAU,Fly_Ash_Coal_tech3,0.031
2025,Brazil,Fly_Ash_Coal,BAU,Fly_Ash_Coal_tech4,0.072
2030,Brazil,Fly_Ash_Coal,BAU,Fly_Ash_Coal_tech4,0.081
2035,Brazil,Fly_Ash_Coal,BAU,Fly_Ash_Coal_tech4,0.087
2040,Brazil,Fly_Ash_Coal,BAU,Fly_Ash_Coal_tech4,0.092
2045,Brazil,Fly_Ash_Coal,BAU,Fly_Ash_Coal_tech4,0.098
2050,Brazil,Fly_Ash_Coal,BAU,Fly_Ash_Coal_tech4,0.104
2025,Brazil,Fly_Ash_Coal,BAU,Fly_Ash_Coal_tech5,0.096
2030,Brazil,Fly_Ash_Coal,BAU,Fly_Ash_Coal_tech5,0.109
2035,Brazil,Fly_Ash_Coal,BAU,Fly_Ash_Coal_tech5,0.117
2040,Brazil,Fly_Ash_Coal,BAU,Fly_Ash_Coal_tech5,0.125
2045,Brazil,Fly_Ash_Coal,BAU,Fly_Ash_Coal_tech5,0.132
2050,Brazil,Fly_Ash_Coal,BAU,Fly_Ash_Coal_tech5,0.14
2025,Mideast,Fly_Ash_Coal,BAU,Fly_Ash_Coal_tech1,0.308
2030,Mideast,Fly_Ash_Coal,BAU,Fly_Ash_Coal_tech1,0.22
2035,Mideast,Fly_Ash_Coal,BAU,Fly_Ash_Coal_tech1,0.165
2040,Mideast,Fly_Ash_Coal,BAU,Fly_Ash_Coal_tech1,0.11
2045,Mideast,Fly_Ash_Coal,BAU,Fly_Ash_Coal_tech1,0.055
2050,Mideast,Fly_Ash_Coal,BAU,Fly_Ash_Coal_tech1,0
2025,Mideast,Fly_Ash_Coal,BAU,Fly_Ash_Coal_tech2,0.502
2030,Mideast,Fly_Ash_Coal,BAU,Fly_Ash_Coal_tech2,0.56583815
2035,Mideast,Fly_Ash_Coal,BAU,Fly_Ash_Coal_tech2,0.605745275
2040,Mideast,Fly_Ash_Coal,BAU,Fly_Ash_Coal_tech2,0.645609084
2045,Mideast,Fly_Ash_Coal,BAU,Fly_Ash_Coal_tech2,0.685478989
2050,Mideast,Fly_Ash_Coal,BAU,Fly_Ash_Coal_tech2,0.72535438
2025,Mideast,Fly_Ash_Coal,BAU,Fly_Ash_Coal_tech3,0.022
2030,Mideast,Fly_Ash_Coal,BAU,Fly_Ash_Coal_tech3,0.024
2035,Mideast,Fly_Ash_Coal,BAU,Fly_Ash_Coal_tech3,0.026
2040,Mideast,Fly_Ash_Coal,BAU,Fly_Ash_Coal_tech3,0.028
2045,Mideast,Fly_Ash_Coal,BAU,Fly_Ash_Coal_tech3,0.03
2050,Mideast,Fly_Ash_Coal,BAU,Fly_Ash_Coal_tech3,0.031
2025,Mideast,Fly_Ash_Coal,BAU,Fly_Ash_Coal_tech4,0.072
2030,Mideast,Fly_Ash_Coal,BAU,Fly_Ash_Coal_tech4,0.081
2035,Mideast,Fly_Ash_Coal,BAU,Fly_Ash_Coal_tech4,0.087
2040,Mideast,Fly_Ash_Coal,BAU,Fly_Ash_Coal_tech4,0.092
2045,Mideast,Fly_Ash_Coal,BAU,Fly_Ash_Coal_tech4,0.098
2050,Mideast,Fly_Ash_Coal,BAU,Fly_Ash_Coal_tech4,0.104
2025,Mideast,Fly_Ash_Coal,BAU,Fly_Ash_Coal_tech5,0.096
2030,Mideast,Fly_Ash_Coal,BAU,Fly_Ash_Coal_tech5,0.109
2035,Mideast,Fly_Ash_Coal,BAU,Fly_Ash_Coal_tech5,0.117
2040,Mideast,Fly_Ash_Coal,BAU,Fly_Ash_Coal_tech5,0.125
2045,Mideast,Fly_Ash_Coal,BAU,Fly_Ash_Coal_tech5,0.132
2050,Mideast,Fly_Ash_Coal,BAU,Fly_Ash_Coal_tech5,0.14
2025,USA,Fly_Ash_Coal,BAU,Fly_Ash_Coal_tech1,0.15
2030,USA,Fly_Ash_Coal,BAU,Fly_Ash_Coal_tech1,0.107142857
2035,USA,Fly_Ash_Coal,BAU,Fly_Ash_Coal_tech1,0.080357143
2040,USA,Fly_Ash_Coal,BAU,Fly_Ash_Coal_tech1,0.053571429
2045,USA,Fly_Ash_Coal,BAU,Fly_Ash_Coal_tech1,0.026785714
2050,USA,Fly_Ash_Coal,BAU,Fly_Ash_Coal_tech1,0
2025,USA,Fly_Ash_Coal,BAU,Fly_Ash_Coal_tech2,0.167424242
2030,USA,Fly_Ash_Coal,BAU,Fly_Ash_Coal_tech2,0.175865801
2035,USA,Fly_Ash_Coal,BAU,Fly_Ash_Coal_tech2,0.181141775
2040,USA,Fly_Ash_Coal,BAU,Fly_Ash_Coal_tech2,0.186417749
2045,USA,Fly_Ash_Coal,BAU,Fly_Ash_Coal_tech2,0.191693723
2050,USA,Fly_Ash_Coal,BAU,Fly_Ash_Coal_tech2,0.196969697
2025,USA,Fly_Ash_Coal,BAU,Fly_Ash_Coal_tech3,0.590584416
2030,USA,Fly_Ash_Coal,BAU,Fly_Ash_Coal_tech3,0.620361781
2035,USA,Fly_Ash_Coal,BAU,Fly_Ash_Coal_tech3,0.638972635
2040,USA,Fly_Ash_Coal,BAU,Fly_Ash_Coal_tech3,0.657583488
2045,USA,Fly_Ash_Coal,BAU,Fly_Ash_Coal_tech3,0.676194341
2050,USA,Fly_Ash_Coal,BAU,Fly_Ash_Coal_tech3,0.694805195
2025,USA,Fly_Ash_Coal,BAU,Fly_Ash_Coal_tech4,0.091991342
2030,USA,Fly_Ash_Coal,BAU,Fly_Ash_Coal_tech4,0.096629561
2035,USA,Fly_Ash_Coal,BAU,Fly_Ash_Coal_tech4,0.099528448
2040,USA,Fly_Ash_Coal,BAU,Fly_Ash_Coal_tech4,0.102427335
2045,USA,Fly_Ash_Coal,BAU,Fly_Ash_Coal_tech4,0.105326221
2050,USA,Fly_Ash_Coal,BAU,Fly_Ash_Coal_tech4,0.108225108
2025,USA,Fly_Ash_Coal,BAU,Fly_Ash_Coal_tech5,0
2030,USA,Fly_Ash_Coal,BAU,Fly_Ash_Coal_tech5,0
2035,USA,Fly_Ash_Coal,BAU,Fly_Ash_Coal_tech5,0
2040,USA,Fly_Ash_Coal,BAU,Fly_Ash_Coal_tech5,0
2045,USA,Fly_Ash_Coal,BAU,Fly_Ash_Coal_tech5,0
2050,USA,Fly_Ash_Coal,BAU,Fly_Ash_Coal_tech5,0
2025,EU,Fly_Ash_Coal,BAU,Fly_Ash_Coal_tech1,0
2030,EU,Fly_Ash_Coal,BAU,Fly_Ash_Coal_tech1,0
2035,EU,Fly_Ash_Coal,BAU,Fly_Ash_Coal_tech1,0
2040,EU,Fly_Ash_Coal,BAU,Fly_Ash_Coal_tech1,0
2045,EU,Fly_Ash_Coal,BAU,Fly_Ash_Coal_tech1,0
2050,EU,Fly_Ash_Coal,BAU,Fly_Ash_Coal_tech1,0
2025,EU,Fly_Ash_Coal,BAU,Fly_Ash_Coal_tech2,0.206
2030,EU,Fly_Ash_Coal,BAU,Fly_Ash_Coal_tech2,0.206
2035,EU,Fly_Ash_Coal,BAU,Fly_Ash_Coal_tech2,0.206
2040,EU,Fly_Ash_Coal,BAU,Fly_Ash_Coal_tech2,0.206
2045,EU,Fly_Ash_Coal,BAU,Fly_Ash_Coal_tech2,0.206
2050,EU,Fly_Ash_Coal,BAU,Fly_Ash_Coal_tech2,0.206
2025,EU,Fly_Ash_Coal,BAU,Fly_Ash_Coal_tech3,0.213
2030,EU,Fly_Ash_Coal,BAU,Fly_Ash_Coal_tech3,0.213
2035,EU,Fly_Ash_Coal,BAU,Fly_Ash_Coal_tech3,0.213
2040,EU,Fly_Ash_Coal,BAU,Fly_Ash_Coal_tech3,0.213
2045,EU,Fly_Ash_Coal,BAU,Fly_Ash_Coal_tech3,0.213
2050,EU,Fly_Ash_Coal,BAU,Fly_Ash_Coal_tech3,0.213
2025,EU,Fly_Ash_Coal,BAU,Fly_Ash_Coal_tech4,0.512
2030,EU,Fly_Ash_Coal,BAU,Fly_Ash_Coal_tech4,0.512
2035,EU,Fly_Ash_Coal,BAU,Fly_Ash_Coal_tech4,0.512
2040,EU,Fly_Ash_Coal,BAU,Fly_Ash_Coal_tech4,0.512
2045,EU,Fly_Ash_Coal,BAU,Fly_Ash_Coal_tech4,0.512
2050,EU,Fly_Ash_Coal,BAU,Fly_Ash_Coal_tech4,0.512
2025,EU,Fly_Ash_Coal,BAU,Fly_Ash_Coal_tech5,0.069
2030,EU,Fly_Ash_Coal,BAU,Fly_Ash_Coal_tech5,0.069
2035,EU,Fly_Ash_Coal,BAU,Fly_Ash_Coal_tech5,0.069
2040,EU,Fly_Ash_Coal,BAU,Fly_Ash_Coal_tech5,0.069
2045,EU,Fly_Ash_Coal,BAU,Fly_Ash_Coal_tech5,0.069
2050,EU,Fly_Ash_Coal,BAU,Fly_Ash_Coal_tech5,0.069
2025,China,Fly_Ash_Coal,CRT,Fly_Ash_Coal_tech1,0.324
2030,China,Fly_Ash_Coal,CRT,Fly_Ash_Coal_tech1,0.231
2035,China,Fly_Ash_Coal,CRT,Fly_Ash_Coal_tech1,0.174
2040,China,Fly_Ash_Coal,CRT,Fly_Ash_Coal_tech1,0.116
2045,China,Fly_Ash_Coal,CRT,Fly_Ash_Coal_tech1,0.058
2050,China,Fly_Ash_Coal,CRT,Fly_Ash_Coal_tech1,0
2025,China,Fly_Ash_Coal,CRT,Fly_Ash_Coal_tech2,0.264
2030,China,Fly_Ash_Coal,CRT,Fly_Ash_Coal_tech2,0.310285714
2035,China,Fly_Ash_Coal,CRT,Fly_Ash_Coal_tech2,0.339214286
2040,China,Fly_Ash_Coal,CRT,Fly_Ash_Coal_tech2,0.368142857
2045,China,Fly_Ash_Coal,CRT,Fly_Ash_Coal_tech2,0.397071429
2050,China,Fly_Ash_Coal,CRT,Fly_Ash_Coal_tech2,0.426
2025,China,Fly_Ash_Coal,CRT,Fly_Ash_Coal_tech3,0.155
2030,China,Fly_Ash_Coal,CRT,Fly_Ash_Coal_tech3,0.172413315
2035,China,Fly_Ash_Coal,CRT,Fly_Ash_Coal_tech3,0.183296637
2040,China,Fly_Ash_Coal,CRT,Fly_Ash_Coal_tech3,0.194179958
2045,China,Fly_Ash_Coal,CRT,Fly_Ash_Coal_tech3,0.20506328
2050,China,Fly_Ash_Coal,CRT,Fly_Ash_Coal_tech3,0.215946602
2025,China,Fly_Ash_Coal,CRT,Fly_Ash_Coal_tech4,0.081
2030,China,Fly_Ash_Coal,CRT,Fly_Ash_Coal_tech4,0.090099861
2035,China,Fly_Ash_Coal,CRT,Fly_Ash_Coal_tech4,0.095787275
2040,China,Fly_Ash_Coal,CRT,Fly_Ash_Coal_tech4,0.101474688
2045,China,Fly_Ash_Coal,CRT,Fly_Ash_Coal_tech4,0.107162101
2050,China,Fly_Ash_Coal,CRT,Fly_Ash_Coal_tech4,0.112849515
2025,China,Fly_Ash_Coal,CRT,Fly_Ash_Coal_tech5,0.176
2030,China,Fly_Ash_Coal,CRT,Fly_Ash_Coal_tech5,0.195772538
2035,China,Fly_Ash_Coal,CRT,Fly_Ash_Coal_tech5,0.208130374
2040,China,Fly_Ash_Coal,CRT,Fly_Ash_Coal_tech5,0.220488211
2045,China,Fly_Ash_Coal,CRT,Fly_Ash_Coal_tech5,0.232846047
2050,China,Fly_Ash_Coal,CRT,Fly_Ash_Coal_tech5,0.245203883
2025,India,Fly_Ash_Coal,CRT,Fly_Ash_Coal_tech1,0.308
2030,India,Fly_Ash_Coal,CRT,Fly_Ash_Coal_tech1,0.22
2035,India,Fly_Ash_Coal,CRT,Fly_Ash_Coal_tech1,0.165
2040,India,Fly_Ash_Coal,CRT,Fly_Ash_Coal_tech1,0.11
2045,India,Fly_Ash_Coal,CRT,Fly_Ash_Coal_tech1,0.055
2050,India,Fly_Ash_Coal,CRT,Fly_Ash_Coal_tech1,0
2025,India,Fly_Ash_Coal,CRT,Fly_Ash_Coal_tech2,0.502
2030,India,Fly_Ash_Coal,CRT,Fly_Ash_Coal_tech2,0.546
2035,India,Fly_Ash_Coal,CRT,Fly_Ash_Coal_tech2,0.5735
2040,India,Fly_Ash_Coal,CRT,Fly_Ash_Coal_tech2,0.601
2045,India,Fly_Ash_Coal,CRT,Fly_Ash_Coal_tech2,0.6285
2050,India,Fly_Ash_Coal,CRT,Fly_Ash_Coal_tech2,0.656
2025,India,Fly_Ash_Coal,CRT,Fly_Ash_Coal_tech3,0.022
2030,India,Fly_Ash_Coal,CRT,Fly_Ash_Coal_tech3,0.027094737
2035,India,Fly_Ash_Coal,CRT,Fly_Ash_Coal_tech3,0.030278947
2040,India,Fly_Ash_Coal,CRT,Fly_Ash_Coal_tech3,0.033463158
2045,India,Fly_Ash_Coal,CRT,Fly_Ash_Coal_tech3,0.036647368
2050,India,Fly_Ash_Coal,CRT,Fly_Ash_Coal_tech3,0.039831579
2025,India,Fly_Ash_Coal,CRT,Fly_Ash_Coal_tech4,0.072
2030,India,Fly_Ash_Coal,CRT,Fly_Ash_Coal_tech4,0.088673684
2035,India,Fly_Ash_Coal,CRT,Fly_Ash_Coal_tech4,0.099094737
2040,India,Fly_Ash_Coal,CRT,Fly_Ash_Coal_tech4,0.109515789
2045,India,Fly_Ash_Coal,CRT,Fly_Ash_Coal_tech4,0.119936842
2050,India,Fly_Ash_Coal,CRT,Fly_Ash_Coal_tech4,0.130357895
2025,India,Fly_Ash_Coal,CRT,Fly_Ash_Coal_tech5,0.096
2030,India,Fly_Ash_Coal,CRT,Fly_Ash_Coal_tech5,0.118231579
2035,India,Fly_Ash_Coal,CRT,Fly_Ash_Coal_tech5,0.132126316
2040,India,Fly_Ash_Coal,CRT,Fly_Ash_Coal_tech5,0.146021053
2045,India,Fly_Ash_Coal,CRT,Fly_Ash_Coal_tech5,0.159915789
2050,India,Fly_Ash_Coal,CRT,Fly_Ash_Coal_tech5,0.173810526
2025,Brazil,Fly_Ash_Coal,CRT,Fly_Ash_Coal_tech1,0.308
2030,Brazil,Fly_Ash_Coal,CRT,Fly_Ash_Coal_tech1,0.22
2035,Brazil,Fly_Ash_Coal,CRT,Fly_Ash_Coal_tech1,0.165
2040,Brazil,Fly_Ash_Coal,CRT,Fly_Ash_Coal_tech1,0.11
2045,Brazil,Fly_Ash_Coal,CRT,Fly_Ash_Coal_tech1,0.055
2050,Brazil,Fly_Ash_Coal,CRT,Fly_Ash_Coal_tech1,0
2025,Brazil,Fly_Ash_Coal,CRT,Fly_Ash_Coal_tech2,0.502
2030,Brazil,Fly_Ash_Coal,CRT,Fly_Ash_Coal_tech2,0.546
2035,Brazil,Fly_Ash_Coal,CRT,Fly_Ash_Coal_tech2,0.5735
2040,Brazil,Fly_Ash_Coal,CRT,Fly_Ash_Coal_tech2,0.601
2045,Brazil,Fly_Ash_Coal,CRT,Fly_Ash_Coal_tech2,0.6285
2050,Brazil,Fly_Ash_Coal,CRT,Fly_Ash_Coal_tech2,0.656
2025,Brazil,Fly_Ash_Coal,CRT,Fly_Ash_Coal_tech3,0.022
2030,Brazil,Fly_Ash_Coal,CRT,Fly_Ash_Coal_tech3,0.027094737
2035,Brazil,Fly_Ash_Coal,CRT,Fly_Ash_Coal_tech3,0.030278947
2040,Brazil,Fly_Ash_Coal,CRT,Fly_Ash_Coal_tech3,0.033463158
2045,Brazil,Fly_Ash_Coal,CRT,Fly_Ash_Coal_tech3,0.036647368
2050,Brazil,Fly_Ash_Coal,CRT,Fly_Ash_Coal_tech3,0.039831579
2025,Brazil,Fly_Ash_Coal,CRT,Fly_Ash_Coal_tech4,0.072
2030,Brazil,Fly_Ash_Coal,CRT,Fly_Ash_Coal_tech4,0.088673684
2035,Brazil,Fly_Ash_Coal,CRT,Fly_Ash_Coal_tech4,0.099094737
2040,Brazil,Fly_Ash_Coal,CRT,Fly_Ash_Coal_tech4,0.109515789
2045,Brazil,Fly_Ash_Coal,CRT,Fly_Ash_Coal_tech4,0.119936842
2050,Brazil,Fly_Ash_Coal,CRT,Fly_Ash_Coal_tech4,0.130357895
2025,Brazil,Fly_Ash_Coal,CRT,Fly_Ash_Coal_tech5,0.096
2030,Brazil,Fly_Ash_Coal,CRT,Fly_Ash_Coal_tech5,0.118231579
2035,Brazil,Fly_Ash_Coal,CRT,Fly_Ash_Coal_tech5,0.132126316
2040,Brazil,Fly_Ash_Coal,CRT,Fly_Ash_Coal_tech5,0.146021053
2045,Brazil,Fly_Ash_Coal,CRT,Fly_Ash_Coal_tech5,0.159915789
2050,Brazil,Fly_Ash_Coal,CRT,Fly_Ash_Coal_tech5,0.173810526
2025,Mideast,Fly_Ash_Coal,CRT,Fly_Ash_Coal_tech1,0.308
2030,Mideast,Fly_Ash_Coal,CRT,Fly_Ash_Coal_tech1,0.22
2035,Mideast,Fly_Ash_Coal,CRT,Fly_Ash_Coal_tech1,0.165
2040,Mideast,Fly_Ash_Coal,CRT,Fly_Ash_Coal_tech1,0.11
2045,Mideast,Fly_Ash_Coal,CRT,Fly_Ash_Coal_tech1,0.055
2050,Mideast,Fly_Ash_Coal,CRT,Fly_Ash_Coal_tech1,0
2025,Mideast,Fly_Ash_Coal,CRT,Fly_Ash_Coal_tech2,0.502
2030,Mideast,Fly_Ash_Coal,CRT,Fly_Ash_Coal_tech2,0.546
2035,Mideast,Fly_Ash_Coal,CRT,Fly_Ash_Coal_tech2,0.5735
2040,Mideast,Fly_Ash_Coal,CRT,Fly_Ash_Coal_tech2,0.601
2045,Mideast,Fly_Ash_Coal,CRT,Fly_Ash_Coal_tech2,0.6285
2050,Mideast,Fly_Ash_Coal,CRT,Fly_Ash_Coal_tech2,0.656
2025,Mideast,Fly_Ash_Coal,CRT,Fly_Ash_Coal_tech3,0.022
2030,Mideast,Fly_Ash_Coal,CRT,Fly_Ash_Coal_tech3,0.027094737
2035,Mideast,Fly_Ash_Coal,CRT,Fly_Ash_Coal_tech3,0.030278947
2040,Mideast,Fly_Ash_Coal,CRT,Fly_Ash_Coal_tech3,0.033463158
2045,Mideast,Fly_Ash_Coal,CRT,Fly_Ash_Coal_tech3,0.036647368
2050,Mideast,Fly_Ash_Coal,CRT,Fly_Ash_Coal_tech3,0.039831579
2025,Mideast,Fly_Ash_Coal,CRT,Fly_Ash_Coal_tech4,0.072
2030,Mideast,Fly_Ash_Coal,CRT,Fly_Ash_Coal_tech4,0.088673684
2035,Mideast,Fly_Ash_Coal,CRT,Fly_Ash_Coal_tech4,0.099094737
2040,Mideast,Fly_Ash_Coal,CRT,Fly_Ash_Coal_tech4,0.109515789
2045,Mideast,Fly_Ash_Coal,CRT,Fly_Ash_Coal_tech4,0.119936842
2050,Mideast,Fly_Ash_Coal,CRT,Fly_Ash_Coal_tech4,0.130357895
2025,Mideast,Fly_Ash_Coal,CRT,Fly_Ash_Coal_tech5,0.096
2030,Mideast,Fly_Ash_Coal,CRT,Fly_Ash_Coal_tech5,0.118231579
2035,Mideast,Fly_Ash_Coal,CRT,Fly_Ash_Coal_tech5,0.132126316
2040,Mideast,Fly_Ash_Coal,CRT,Fly_Ash_Coal_tech5,0.146021053
2045,Mideast,Fly_Ash_Coal,CRT,Fly_Ash_Coal_tech5,0.159915789
2050,Mideast,Fly_Ash_Coal,CRT,Fly_Ash_Coal_tech5,0.173810526
2025,USA,Fly_Ash_Coal,CRT,Fly_Ash_Coal_tech1,0.15
2030,USA,Fly_Ash_Coal,CRT,Fly_Ash_Coal_tech1,0.107
2035,USA,Fly_Ash_Coal,CRT,Fly_Ash_Coal_tech1,0.08
2040,USA,Fly_Ash_Coal,CRT,Fly_Ash_Coal_tech1,0.054
2045,USA,Fly_Ash_Coal,CRT,Fly_Ash_Coal_tech1,0.027
2050,USA,Fly_Ash_Coal,CRT,Fly_Ash_Coal_tech1,0
2025,USA,Fly_Ash_Coal,CRT,Fly_Ash_Coal_tech2,0.167424242
2030,USA,Fly_Ash_Coal,CRT,Fly_Ash_Coal_tech2,0.188428571
2035,USA,Fly_Ash_Coal,CRT,Fly_Ash_Coal_tech2,0.201821429
2040,USA,Fly_Ash_Coal,CRT,Fly_Ash_Coal_tech2,0.215214286
2045,USA,Fly_Ash_Coal,CRT,Fly_Ash_Coal_tech2,0.228607143
2050,USA,Fly_Ash_Coal,CRT,Fly_Ash_Coal_tech2,0.242
2025,USA,Fly_Ash_Coal,CRT,Fly_Ash_Coal_tech3,0.590584416
2030,USA,Fly_Ash_Coal,CRT,Fly_Ash_Coal_tech3,0.609542146
2035,USA,Fly_Ash_Coal,CRT,Fly_Ash_Coal_tech3,0.621130987
2040,USA,Fly_Ash_Coal,CRT,Fly_Ash_Coal_tech3,0.632719828
2045,USA,Fly_Ash_Coal,CRT,Fly_Ash_Coal_tech3,0.64430867
2050,USA,Fly_Ash_Coal,CRT,Fly_Ash_Coal_tech3,0.655897511
2025,USA,Fly_Ash_Coal,CRT,Fly_Ash_Coal_tech4,0.091991342
2030,USA,Fly_Ash_Coal,CRT,Fly_Ash_Coal_tech4,0.094886425
2035,USA,Fly_Ash_Coal,CRT,Fly_Ash_Coal_tech4,0.096690441
2040,USA,Fly_Ash_Coal,CRT,Fly_Ash_Coal_tech4,0.098494457
2045,USA,Fly_Ash_Coal,CRT,Fly_Ash_Coal_tech4,0.100298473
2050,USA,Fly_Ash_Coal,CRT,Fly_Ash_Coal_tech4,0.102102489
2025,USA,Fly_Ash_Coal,CRT,Fly_Ash_Coal_tech5,0
2030,USA,Fly_Ash_Coal,CRT,Fly_Ash_Coal_tech5,0
2035,USA,Fly_Ash_Coal,CRT,Fly_Ash_Coal_tech5,0
2040,USA,Fly_Ash_Coal,CRT,Fly_Ash_Coal_tech5,0
2045,USA,Fly_Ash_Coal,CRT,Fly_Ash_Coal_tech5,0
2050,USA,Fly_Ash_Coal,CRT,Fly_Ash_Coal_tech5,0
2025,EU,Fly_Ash_Coal,CRT,Fly_Ash_Coal_tech1,0
2030,EU,Fly_Ash_Coal,CRT,Fly_Ash_Coal_tech1,0
2035,EU,Fly_Ash_Coal,CRT,Fly_Ash_Coal_tech1,0
2040,EU,Fly_Ash_Coal,CRT,Fly_Ash_Coal_tech1,0
2045,EU,Fly_Ash_Coal,CRT,Fly_Ash_Coal_tech1,0
2050,EU,Fly_Ash_Coal,CRT,Fly_Ash_Coal_tech1,0
2025,EU,Fly_Ash_Coal,CRT,Fly_Ash_Coal_tech2,0.167424242
2030,EU,Fly_Ash_Coal,CRT,Fly_Ash_Coal_tech2,0.25544
2035,EU,Fly_Ash_Coal,CRT,Fly_Ash_Coal_tech2,0.28634
2040,EU,Fly_Ash_Coal,CRT,Fly_Ash_Coal_tech2,0.31724
2045,EU,Fly_Ash_Coal,CRT,Fly_Ash_Coal_tech2,0.34814
2050,EU,Fly_Ash_Coal,CRT,Fly_Ash_Coal_tech2,0.37904
2025,EU,Fly_Ash_Coal,CRT,Fly_Ash_Coal_tech3,0.590584416
2030,EU,Fly_Ash_Coal,CRT,Fly_Ash_Coal_tech3,0.199737128
2035,EU,Fly_Ash_Coal,CRT,Fly_Ash_Coal_tech3,0.191447834
2040,EU,Fly_Ash_Coal,CRT,Fly_Ash_Coal_tech3,0.183158539
2045,EU,Fly_Ash_Coal,CRT,Fly_Ash_Coal_tech3,0.174869244
2050,EU,Fly_Ash_Coal,CRT,Fly_Ash_Coal_tech3,0.16657995
2025,EU,Fly_Ash_Coal,CRT,Fly_Ash_Coal_tech4,0.091991342
2030,EU,Fly_Ash_Coal,CRT,Fly_Ash_Coal_tech4,0.480119295
2035,EU,Fly_Ash_Coal,CRT,Fly_Ash_Coal_tech4,0.460193854
2040,EU,Fly_Ash_Coal,CRT,Fly_Ash_Coal_tech4,0.440268413
2045,EU,Fly_Ash_Coal,CRT,Fly_Ash_Coal_tech4,0.420342972
2050,EU,Fly_Ash_Coal,CRT,Fly_Ash_Coal_tech4,0.400417531
2025,EU,Fly_Ash_Coal,CRT,Fly_Ash_Coal_tech5,0
2030,EU,Fly_Ash_Coal,CRT,Fly_Ash_Coal_tech5,0.064703577
2035,EU,Fly_Ash_Coal,CRT,Fly_Ash_Coal_tech5,0.062018312
2040,EU,Fly_Ash_Coal,CRT,Fly_Ash_Coal_tech5,0.059333048
2045,EU,Fly_Ash_Coal,CRT,Fly_Ash_Coal_tech5,0.056647783
2050,EU,Fly_Ash_Coal,CRT,Fly_Ash_Coal_tech5,0.053962519
2025,China,FGD_Gypsum_Coal,BAU,FGD_Gypsum_Coal_tech1,0.399
2030,China,FGD_Gypsum_Coal,BAU,FGD_Gypsum_Coal_tech1,0.285
2035,China,FGD_Gypsum_Coal,BAU,FGD_Gypsum_Coal_tech1,0.21375
2040,China,FGD_Gypsum_Coal,BAU,FGD_Gypsum_Coal_tech1,0.1425
2045,China,FGD_Gypsum_Coal,BAU,FGD_Gypsum_Coal_tech1,0.07125
2050,China,FGD_Gypsum_Coal,BAU,FGD_Gypsum_Coal_tech1,0
2025,China,FGD_Gypsum_Coal,BAU,FGD_Gypsum_Coal_tech2,0.467762813
2030,China,FGD_Gypsum_Coal,BAU,FGD_Gypsum_Coal_tech2,0.556489869
2035,China,FGD_Gypsum_Coal,BAU,FGD_Gypsum_Coal_tech2,0.611944279
2040,China,FGD_Gypsum_Coal,BAU,FGD_Gypsum_Coal_tech2,0.667398689
2045,China,FGD_Gypsum_Coal,BAU,FGD_Gypsum_Coal_tech2,0.722853099
2050,China,FGD_Gypsum_Coal,BAU,FGD_Gypsum_Coal_tech2,0.778307509
2025,China,FGD_Gypsum_Coal,BAU,FGD_Gypsum_Coal_tech3,0.133237187
2030,China,FGD_Gypsum_Coal,BAU,FGD_Gypsum_Coal_tech3,0.158510131
2035,China,FGD_Gypsum_Coal,BAU,FGD_Gypsum_Coal_tech3,0.174305721
2040,China,FGD_Gypsum_Coal,BAU,FGD_Gypsum_Coal_tech3,0.190101311
2045,China,FGD_Gypsum_Coal,BAU,FGD_Gypsum_Coal_tech3,0.205896901
2050,China,FGD_Gypsum_Coal,BAU,FGD_Gypsum_Coal_tech3,0.221692491
2025,India,FGD_Gypsum_Coal,BAU,FGD_Gypsum_Coal_tech1,0.1
2030,India,FGD_Gypsum_Coal,BAU,FGD_Gypsum_Coal_tech1,0.071428571
2035,India,FGD_Gypsum_Coal,BAU,FGD_Gypsum_Coal_tech1,0.053571429
2040,India,FGD_Gypsum_Coal,BAU,FGD_Gypsum_Coal_tech1,0.035714286
2045,India,FGD_Gypsum_Coal,BAU,FGD_Gypsum_Coal_tech1,0.017857143
2050,India,FGD_Gypsum_Coal,BAU,FGD_Gypsum_Coal_tech1,0
2025,India,FGD_Gypsum_Coal,BAU,FGD_Gypsum_Coal_tech2,0.589655172
2030,India,FGD_Gypsum_Coal,BAU,FGD_Gypsum_Coal_tech2,0.608374384
2035,India,FGD_Gypsum_Coal,BAU,FGD_Gypsum_Coal_tech2,0.620073892
2040,India,FGD_Gypsum_Coal,BAU,FGD_Gypsum_Coal_tech2,0.631773399
2045,India,FGD_Gypsum_Coal,BAU,FGD_Gypsum_Coal_tech2,0.643472906
2050,India,FGD_Gypsum_Coal,BAU,FGD_Gypsum_Coal_tech2,0.655172414
2025,India,FGD_Gypsum_Coal,BAU,FGD_Gypsum_Coal_tech3,0.310344828
2030,India,FGD_Gypsum_Coal,BAU,FGD_Gypsum_Coal_tech3,0.320197044
2035,India,FGD_Gypsum_Coal,BAU,FGD_Gypsum_Coal_tech3,0.32635468
2040,India,FGD_Gypsum_Coal,BAU,FGD_Gypsum_Coal_tech3,0.332512315
2045,India,FGD_Gypsum_Coal,BAU,FGD_Gypsum_Coal_tech3,0.338669951
2050,India,FGD_Gypsum_Coal,BAU,FGD_Gypsum_Coal_tech3,0.344827586
2025,Brazil,FGD_Gypsum_Coal,BAU,FGD_Gypsum_Coal_tech1,0.1
2030,Brazil,FGD_Gypsum_Coal,BAU,FGD_Gypsum_Coal_tech1,0.071428571
2035,Brazil,FGD_Gypsum_Coal,BAU,FGD_Gypsum_Coal_tech1,0.053571429
2040,Brazil,FGD_Gypsum_Coal,BAU,FGD_Gypsum_Coal_tech1,0.035714286
2045,Brazil,FGD_Gypsum_Coal,BAU,FGD_Gypsum_Coal_tech1,0.017857143
2050,Brazil,FGD_Gypsum_Coal,BAU,FGD_Gypsum_Coal_tech1,0
2025,Brazil,FGD_Gypsum_Coal,BAU,FGD_Gypsum_Coal_tech2,0.589655172
2030,Brazil,FGD_Gypsum_Coal,BAU,FGD_Gypsum_Coal_tech2,0.608374384
2035,Brazil,FGD_Gypsum_Coal,BAU,FGD_Gypsum_Coal_tech2,0.620073892
2040,Brazil,FGD_Gypsum_Coal,BAU,FGD_Gypsum_Coal_tech2,0.631773399
2045,Brazil,FGD_Gypsum_Coal,BAU,FGD_Gypsum_Coal_tech2,0.643472906
2050,Brazil,FGD_Gypsum_Coal,BAU,FGD_Gypsum_Coal_tech2,0.655172414
2025,Brazil,FGD_Gypsum_Coal,BAU,FGD_Gypsum_Coal_tech3,0.310344828
2030,Brazil,FGD_Gypsum_Coal,BAU,FGD_Gypsum_Coal_tech3,0.320197044
2035,Brazil,FGD_Gypsum_Coal,BAU,FGD_Gypsum_Coal_tech3,0.32635468
2040,Brazil,FGD_Gypsum_Coal,BAU,FGD_Gypsum_Coal_tech3,0.332512315
2045,Brazil,FGD_Gypsum_Coal,BAU,FGD_Gypsum_Coal_tech3,0.338669951
2050,Brazil,FGD_Gypsum_Coal,BAU,FGD_Gypsum_Coal_tech3,0.344827586
2025,Mideast,FGD_Gypsum_Coal,BAU,FGD_Gypsum_Coal_tech1,0.1
2030,Mideast,FGD_Gypsum_Coal,BAU,FGD_Gypsum_Coal_tech1,0.071428571
2035,Mideast,FGD_Gypsum_Coal,BAU,FGD_Gypsum_Coal_tech1,0.053571429
2040,Mideast,FGD_Gypsum_Coal,BAU,FGD_Gypsum_Coal_tech1,0.035714286
2045,Mideast,FGD_Gypsum_Coal,BAU,FGD_Gypsum_Coal_tech1,0.017857143
2050,Mideast,FGD_Gypsum_Coal,BAU,FGD_Gypsum_Coal_tech1,0
2025,Mideast,FGD_Gypsum_Coal,BAU,FGD_Gypsum_Coal_tech2,0.589655172
2030,Mideast,FGD_Gypsum_Coal,BAU,FGD_Gypsum_Coal_tech2,0.608374384
2035,Mideast,FGD_Gypsum_Coal,BAU,FGD_Gypsum_Coal_tech2,0.620073892
2040,Mideast,FGD_Gypsum_Coal,BAU,FGD_Gypsum_Coal_tech2,0.631773399
2045,Mideast,FGD_Gypsum_Coal,BAU,FGD_Gypsum_Coal_tech2,0.643472906
2050,Mideast,FGD_Gypsum_Coal,BAU,FGD_Gypsum_Coal_tech2,0.655172414
2025,Mideast,FGD_Gypsum_Coal,BAU,FGD_Gypsum_Coal_tech3,0.310344828
2030,Mideast,FGD_Gypsum_Coal,BAU,FGD_Gypsum_Coal_tech3,0.320197044
2035,Mideast,FGD_Gypsum_Coal,BAU,FGD_Gypsum_Coal_tech3,0.32635468
2040,Mideast,FGD_Gypsum_Coal,BAU,FGD_Gypsum_Coal_tech3,0.332512315
2045,Mideast,FGD_Gypsum_Coal,BAU,FGD_Gypsum_Coal_tech3,0.338669951
2050,Mideast,FGD_Gypsum_Coal,BAU,FGD_Gypsum_Coal_tech3,0.344827586
2025,USA,FGD_Gypsum_Coal,BAU,FGD_Gypsum_Coal_tech1,0.166
2030,USA,FGD_Gypsum_Coal,BAU,FGD_Gypsum_Coal_tech1,0.118571429
2035,USA,FGD_Gypsum_Coal,BAU,FGD_Gypsum_Coal_tech1,0.088928571
2040,USA,FGD_Gypsum_Coal,BAU,FGD_Gypsum_Coal_tech1,0.059285714
2045,USA,FGD_Gypsum_Coal,BAU,FGD_Gypsum_Coal_tech1,0.029642857
2050,USA,FGD_Gypsum_Coal,BAU,FGD_Gypsum_Coal_tech1,0
2025,USA,FGD_Gypsum_Coal,BAU,FGD_Gypsum_Coal_tech2,0.114427441
2030,USA,FGD_Gypsum_Coal,BAU,FGD_Gypsum_Coal_tech2,0.120934791
2035,USA,FGD_Gypsum_Coal,BAU,FGD_Gypsum_Coal_tech2,0.125001885
2040,USA,FGD_Gypsum_Coal,BAU,FGD_Gypsum_Coal_tech2,0.129068979
2045,USA,FGD_Gypsum_Coal,BAU,FGD_Gypsum_Coal_tech2,0.133136072
2050,USA,FGD_Gypsum_Coal,BAU,FGD_Gypsum_Coal_tech2,0.137203166
2025,USA,FGD_Gypsum_Coal,BAU,FGD_Gypsum_Coal_tech3,0.719572559
2030,USA,FGD_Gypsum_Coal,BAU,FGD_Gypsum_Coal_tech3,0.760493781
2035,USA,FGD_Gypsum_Coal,BAU,FGD_Gypsum_Coal_tech3,0.786069544
2040,USA,FGD_Gypsum_Coal,BAU,FGD_Gypsum_Coal_tech3,0.811645307
2045,USA,FGD_Gypsum_Coal,BAU,FGD_Gypsum_Coal_tech3,0.83722107
2050,USA,FGD_Gypsum_Coal,BAU,FGD_Gypsum_Coal_tech3,0.862796834
2025,EU,FGD_Gypsum_Coal,BAU,FGD_Gypsum_Coal_tech1,0
2030,EU,FGD_Gypsum_Coal,BAU,FGD_Gypsum_Coal_tech1,0
2035,EU,FGD_Gypsum_Coal,BAU,FGD_Gypsum_Coal_tech1,0
2040,EU,FGD_Gypsum_Coal,BAU,FGD_Gypsum_Coal_tech1,0
2045,EU,FGD_Gypsum_Coal,BAU,FGD_Gypsum_Coal_tech1,0
2050,EU,FGD_Gypsum_Coal,BAU,FGD_Gypsum_Coal_tech1,0
2025,EU,FGD_Gypsum_Coal,BAU,FGD_Gypsum_Coal_tech2,0.25
2030,EU,FGD_Gypsum_Coal,BAU,FGD_Gypsum_Coal_tech2,0.25
2035,EU,FGD_Gypsum_Coal,BAU,FGD_Gypsum_Coal_tech2,0.25
2040,EU,FGD_Gypsum_Coal,BAU,FGD_Gypsum_Coal_tech2,0.25
2045,EU,FGD_Gypsum_Coal,BAU,FGD_Gypsum_Coal_tech2,0.25
2050,EU,FGD_Gypsum_Coal,BAU,FGD_Gypsum_Coal_tech2,0.25
2025,EU,FGD_Gypsum_Coal,BAU,FGD_Gypsum_Coal_tech3,0.75
2030,EU,FGD_Gypsum_Coal,BAU,FGD_Gypsum_Coal_tech3,0.75
2035,EU,FGD_Gypsum_Coal,BAU,FGD_Gypsum_Coal_tech3,0.75
2040,EU,FGD_Gypsum_Coal,BAU,FGD_Gypsum_Coal_tech3,0.75
2045,EU,FGD_Gypsum_Coal,BAU,FGD_Gypsum_Coal_tech3,0.75
2050,EU,FGD_Gypsum_Coal,BAU,FGD_Gypsum_Coal_tech3,0.75
2025,China,FGD_Gypsum_Coal,CRT,FGD_Gypsum_Coal_tech1,0.399
2030,China,FGD_Gypsum_Coal,CRT,FGD_Gypsum_Coal_tech1,0.285
2035,China,FGD_Gypsum_Coal,CRT,FGD_Gypsum_Coal_tech1,0.21375
2040,China,FGD_Gypsum_Coal,CRT,FGD_Gypsum_Coal_tech1,0.1425
2045,China,FGD_Gypsum_Coal,CRT,FGD_Gypsum_Coal_tech1,0.07125
2050,China,FGD_Gypsum_Coal,CRT,FGD_Gypsum_Coal_tech1,0
2025,China,FGD_Gypsum_Coal,CRT,FGD_Gypsum_Coal_tech2,0.467762813
2030,China,FGD_Gypsum_Coal,CRT,FGD_Gypsum_Coal_tech2,0.619830581
2035,China,FGD_Gypsum_Coal,CRT,FGD_Gypsum_Coal_tech2,0.714872935
2040,China,FGD_Gypsum_Coal,CRT,FGD_Gypsum_Coal_tech2,0.80991529
2045,China,FGD_Gypsum_Coal,CRT,FGD_Gypsum_Coal_tech2,0.904957645
2050,China,FGD_Gypsum_Coal,CRT,FGD_Gypsum_Coal_tech2,1
2025,China,FGD_Gypsum_Coal,CRT,FGD_Gypsum_Coal_tech3,0.133237187
2030,China,FGD_Gypsum_Coal,CRT,FGD_Gypsum_Coal_tech3,0.095169419
2035,China,FGD_Gypsum_Coal,CRT,FGD_Gypsum_Coal_tech3,0.071377065
2040,China,FGD_Gypsum_Coal,CRT,FGD_Gypsum_Coal_tech3,0.04758471
2045,China,FGD_Gypsum_Coal,CRT,FGD_Gypsum_Coal_tech3,0.023792355
2050,China,FGD_Gypsum_Coal,CRT,FGD_Gypsum_Coal_tech3,0
2025,India,FGD_Gypsum_Coal,CRT,FGD_Gypsum_Coal_tech1,0.1
2030,India,FGD_Gypsum_Coal,CRT,FGD_Gypsum_Coal_tech1,0.071428571
2035,India,FGD_Gypsum_Coal,CRT,FGD_Gypsum_Coal_tech1,0.053571429
2040,India,FGD_Gypsum_Coal,CRT,FGD_Gypsum_Coal_tech1,0.035714286
2045,India,FGD_Gypsum_Coal,CRT,FGD_Gypsum_Coal_tech1,0.017857143
2050,India,FGD_Gypsum_Coal,CRT,FGD_Gypsum_Coal_tech1,0
2025,India,FGD_Gypsum_Coal,CRT,FGD_Gypsum_Coal_tech2,0.589655172
2030,India,FGD_Gypsum_Coal,CRT,FGD_Gypsum_Coal_tech2,0.706896552
2035,India,FGD_Gypsum_Coal,CRT,FGD_Gypsum_Coal_tech2,0.780172414
2040,India,FGD_Gypsum_Coal,CRT,FGD_Gypsum_Coal_tech2,0.853448276
2045,India,FGD_Gypsum_Coal,CRT,FGD_Gypsum_Coal_tech2,0.926724138
2050,India,FGD_Gypsum_Coal,CRT,FGD_Gypsum_Coal_tech2,1
2025,India,FGD_Gypsum_Coal,CRT,FGD_Gypsum_Coal_tech3,0.310344828
2030,India,FGD_Gypsum_Coal,CRT,FGD_Gypsum_Coal_tech3,0.221674877
2035,India,FGD_Gypsum_Coal,CRT,FGD_Gypsum_Coal_tech3,0.166256158
2040,India,FGD_Gypsum_Coal,CRT,FGD_Gypsum_Coal_tech3,0.110837438
2045,India,FGD_Gypsum_Coal,CRT,FGD_Gypsum_Coal_tech3,0.055418719
2050,India,FGD_Gypsum_Coal,CRT,FGD_Gypsum_Coal_tech3,0
2025,Brazil,FGD_Gypsum_Coal,CRT,FGD_Gypsum_Coal_tech1,0.1
2030,Brazil,FGD_Gypsum_Coal,CRT,FGD_Gypsum_Coal_tech1,0.071428571
2035,Brazil,FGD_Gypsum_Coal,CRT,FGD_Gypsum_Coal_tech1,0.053571429
2040,Brazil,FGD_Gypsum_Coal,CRT,FGD_Gypsum_Coal_tech1,0.035714286
2045,Brazil,FGD_Gypsum_Coal,CRT,FGD_Gypsum_Coal_tech1,0.017857143
2050,Brazil,FGD_Gypsum_Coal,CRT,FGD_Gypsum_Coal_tech1,0
2025,Brazil,FGD_Gypsum_Coal,CRT,FGD_Gypsum_Coal_tech2,0.589655172
2030,Brazil,FGD_Gypsum_Coal,CRT,FGD_Gypsum_Coal_tech2,0.706896552
2035,Brazil,FGD_Gypsum_Coal,CRT,FGD_Gypsum_Coal_tech2,0.780172414
2040,Brazil,FGD_Gypsum_Coal,CRT,FGD_Gypsum_Coal_tech2,0.853448276
2045,Brazil,FGD_Gypsum_Coal,CRT,FGD_Gypsum_Coal_tech2,0.926724138
2050,Brazil,FGD_Gypsum_Coal,CRT,FGD_Gypsum_Coal_tech2,1
2025,Brazil,FGD_Gypsum_Coal,CRT,FGD_Gypsum_Coal_tech3,0.310344828
2030,Brazil,FGD_Gypsum_Coal,CRT,FGD_Gypsum_Coal_tech3,0.221674877
2035,Brazil,FGD_Gypsum_Coal,CRT,FGD_Gypsum_Coal_tech3,0.166256158
2040,Brazil,FGD_Gypsum_Coal,CRT,FGD_Gypsum_Coal_tech3,0.110837438
2045,Brazil,FGD_Gypsum_Coal,CRT,FGD_Gypsum_Coal_tech3,0.055418719
2050,Brazil,FGD_Gypsum_Coal,CRT,FGD_Gypsum_Coal_tech3,0
2025,Mideast,FGD_Gypsum_Coal,CRT,FGD_Gypsum_Coal_tech1,0.1
2030,Mideast,FGD_Gypsum_Coal,CRT,FGD_Gypsum_Coal_tech1,0.071428571
2035,Mideast,FGD_Gypsum_Coal,CRT,FGD_Gypsum_Coal_tech1,0.053571429
2040,Mideast,FGD_Gypsum_Coal,CRT,FGD_Gypsum_Coal_tech1,0.035714286
2045,Mideast,FGD_Gypsum_Coal,CRT,FGD_Gypsum_Coal_tech1,0.017857143
2050,Mideast,FGD_Gypsum_Coal,CRT,FGD_Gypsum_Coal_tech1,0
2025,Mideast,FGD_Gypsum_Coal,CRT,FGD_Gypsum_Coal_tech2,0.589655172
2030,Mideast,FGD_Gypsum_Coal,CRT,FGD_Gypsum_Coal_tech2,0.706896552
2035,Mideast,FGD_Gypsum_Coal,CRT,FGD_Gypsum_Coal_tech2,0.780172414
2040,Mideast,FGD_Gypsum_Coal,CRT,FGD_Gypsum_Coal_tech2,0.853448276
2045,Mideast,FGD_Gypsum_Coal,CRT,FGD_Gypsum_Coal_tech2,0.926724138
2050,Mideast,FGD_Gypsum_Coal,CRT,FGD_Gypsum_Coal_tech2,1
2025,Mideast,FGD_Gypsum_Coal,CRT,FGD_Gypsum_Coal_tech3,0.310344828
2030,Mideast,FGD_Gypsum_Coal,CRT,FGD_Gypsum_Coal_tech3,0.221674877
2035,Mideast,FGD_Gypsum_Coal,CRT,FGD_Gypsum_Coal_tech3,0.166256158
2040,Mideast,FGD_Gypsum_Coal,CRT,FGD_Gypsum_Coal_tech3,0.110837438
2045,Mideast,FGD_Gypsum_Coal,CRT,FGD_Gypsum_Coal_tech3,0.055418719
2050,Mideast,FGD_Gypsum_Coal,CRT,FGD_Gypsum_Coal_tech3,0
2025,USA,FGD_Gypsum_Coal,CRT,FGD_Gypsum_Coal_tech1,0.166
2030,USA,FGD_Gypsum_Coal,CRT,FGD_Gypsum_Coal_tech1,0.118571429
2035,USA,FGD_Gypsum_Coal,CRT,FGD_Gypsum_Coal_tech1,0.088928571
2040,USA,FGD_Gypsum_Coal,CRT,FGD_Gypsum_Coal_tech1,0.059285714
2045,USA,FGD_Gypsum_Coal,CRT,FGD_Gypsum_Coal_tech1,0.029642857
2050,USA,FGD_Gypsum_Coal,CRT,FGD_Gypsum_Coal_tech1,0
2025,USA,FGD_Gypsum_Coal,CRT,FGD_Gypsum_Coal_tech2,0.114427441
2030,USA,FGD_Gypsum_Coal,CRT,FGD_Gypsum_Coal_tech2,0.367448172
2035,USA,FGD_Gypsum_Coal,CRT,FGD_Gypsum_Coal_tech2,0.525586129
2040,USA,FGD_Gypsum_Coal,CRT,FGD_Gypsum_Coal_tech2,0.683724086
2045,USA,FGD_Gypsum_Coal,CRT,FGD_Gypsum_Coal_tech2,0.841862043
2050,USA,FGD_Gypsum_Coal,CRT,FGD_Gypsum_Coal_tech2,1
2025,USA,FGD_Gypsum_Coal,CRT,FGD_Gypsum_Coal_tech3,0.719572559
2030,USA,FGD_Gypsum_Coal,CRT,FGD_Gypsum_Coal_tech3,0.5139804
2035,USA,FGD_Gypsum_Coal,CRT,FGD_Gypsum_Coal_tech3,0.3854853
2040,USA,FGD_Gypsum_Coal,CRT,FGD_Gypsum_Coal_tech3,0.2569902
2045,USA,FGD_Gypsum_Coal,CRT,FGD_Gypsum_Coal_tech3,0.1284951
2050,USA,FGD_Gypsum_Coal,CRT,FGD_Gypsum_Coal_tech3,0
2025,EU,FGD_Gypsum_Coal,CRT,FGD_Gypsum_Coal_tech1,0
2030,EU,FGD_Gypsum_Coal,CRT,FGD_Gypsum_Coal_tech1,0
2035,EU,FGD_Gypsum_Coal,CRT,FGD_Gypsum_Coal_tech1,0
2040,EU,FGD_Gypsum_Coal,CRT,FGD_Gypsum_Coal_tech1,0
2045,EU,FGD_Gypsum_Coal,CRT,FGD_Gypsum_Coal_tech1,0
2050,EU,FGD_Gypsum_Coal,CRT,FGD_Gypsum_Coal_tech1,0
2025,EU,FGD_Gypsum_Coal,CRT,FGD_Gypsum_Coal_tech2,0.25
2030,EU,FGD_Gypsum_Coal,CRT,FGD_Gypsum_Coal_tech2,0.464285714
2035,EU,FGD_Gypsum_Coal,CRT,FGD_Gypsum_Coal_tech2,0.598214286
2040,EU,FGD_Gypsum_Coal,CRT,FGD_Gypsum_Coal_tech2,0.732142857
2045,EU,FGD_Gypsum_Coal,CRT,FGD_Gypsum_Coal_tech2,0.866071429
2050,EU,FGD_Gypsum_Coal,CRT,FGD_Gypsum_Coal_tech2,1
2025,EU,FGD_Gypsum_Coal,CRT,FGD_Gypsum_Coal_tech3,0.75
2030,EU,FGD_Gypsum_Coal,CRT,FGD_Gypsum_Coal_tech3,0.535714286
2035,EU,FGD_Gypsum_Coal,CRT,FGD_Gypsum_Coal_tech3,0.401785714
2040,EU,FGD_Gypsum_Coal,CRT,FGD_Gypsum_Coal_tech3,0.267857143
2045,EU,FGD_Gypsum_Coal,CRT,FGD_Gypsum_Coal_tech3,0.133928571
2050,EU,FGD_Gypsum_Coal,CRT,FGD_Gypsum_Coal_tech3,0
2025,China,PV_CSi,BAU,PV_CSi_tech1,1
2030,China,PV_CSi,BAU,PV_CSi_tech1,0.794285714
2035,China,PV_CSi,BAU,PV_CSi_tech1,0.665714286
2040,China,PV_CSi,BAU,PV_CSi_tech1,0.537142857
2045,China,PV_CSi,BAU,PV_CSi_tech1,0.408571429
2050,China,PV_CSi,BAU,PV_CSi_tech1,0.28
2025,China,PV_CSi,BAU,PV_CSi_tech2,0
2030,China,PV_CSi,BAU,PV_CSi_tech2,0.034285714
2035,China,PV_CSi,BAU,PV_CSi_tech2,0.055714286
2040,China,PV_CSi,BAU,PV_CSi_tech2,0.077142857
2045,China,PV_CSi,BAU,PV_CSi_tech2,0.098571429
2050,China,PV_CSi,BAU,PV_CSi_tech2,0.12
2025,China,PV_CSi,BAU,PV_CSi_tech3,0
2030,China,PV_CSi,BAU,PV_CSi_tech3,0.034285714
2035,China,PV_CSi,BAU,PV_CSi_tech3,0.055714286
2040,China,PV_CSi,BAU,PV_CSi_tech3,0.077142857
2045,China,PV_CSi,BAU,PV_CSi_tech3,0.098571429
2050,China,PV_CSi,BAU,PV_CSi_tech3,0.12
2025,China,PV_CSi,BAU,PV_CSi_tech4,0
2030,China,PV_CSi,BAU,PV_CSi_tech4,0.034285714
2035,China,PV_CSi,BAU,PV_CSi_tech4,0.055714286
2040,China,PV_CSi,BAU,PV_CSi_tech4,0.077142857
2045,China,PV_CSi,BAU,PV_CSi_tech4,0.098571429
2050,China,PV_CSi,BAU,PV_CSi_tech4,0.12
2025,China,PV_CSi,BAU,PV_CSi_tech5,0
2030,China,PV_CSi,BAU,PV_CSi_tech5,0.034285714
2035,China,PV_CSi,BAU,PV_CSi_tech5,0.055714286
2040,China,PV_CSi,BAU,PV_CSi_tech5,0.077142857
2045,China,PV_CSi,BAU,PV_CSi_tech5,0.098571429
2050,China,PV_CSi,BAU,PV_CSi_tech5,0.12
2025,China,PV_CSi,BAU,PV_CSi_tech6,0
2030,China,PV_CSi,BAU,PV_CSi_tech6,0.034285714
2035,China,PV_CSi,BAU,PV_CSi_tech6,0.055714286
2040,China,PV_CSi,BAU,PV_CSi_tech6,0.077142857
2045,China,PV_CSi,BAU,PV_CSi_tech6,0.098571429
2050,China,PV_CSi,BAU,PV_CSi_tech6,0.12
2025,China,PV_CSi,BAU,PV_CSi_tech7,0
2030,China,PV_CSi,BAU,PV_CSi_tech7,0.034285714
2035,China,PV_CSi,BAU,PV_CSi_tech7,0.055714286
2040,China,PV_CSi,BAU,PV_CSi_tech7,0.077142857
2045,China,PV_CSi,BAU,PV_CSi_tech7,0.098571429
2050,China,PV_CSi,BAU,PV_CSi_tech7,0.12
2025,India,PV_CSi,BAU,PV_CSi_tech1,1
2030,India,PV_CSi,BAU,PV_CSi_tech1,0.828571429
2035,India,PV_CSi,BAU,PV_CSi_tech1,0.721428571
2040,India,PV_CSi,BAU,PV_CSi_tech1,0.614285714
2045,India,PV_CSi,BAU,PV_CSi_tech1,0.507142857
2050,India,PV_CSi,BAU,PV_CSi_tech1,0.4
2025,India,PV_CSi,BAU,PV_CSi_tech2,0
2030,India,PV_CSi,BAU,PV_CSi_tech2,0.028571429
2035,India,PV_CSi,BAU,PV_CSi_tech2,0.046428571
2040,India,PV_CSi,BAU,PV_CSi_tech2,0.064285714
2045,India,PV_CSi,BAU,PV_CSi_tech2,0.082142857
2050,India,PV_CSi,BAU,PV_CSi_tech2,0.1
2025,India,PV_CSi,BAU,PV_CSi_tech3,0
2030,India,PV_CSi,BAU,PV_CSi_tech3,0.028571429
2035,India,PV_CSi,BAU,PV_CSi_tech3,0.046428571
2040,India,PV_CSi,BAU,PV_CSi_tech3,0.064285714
2045,India,PV_CSi,BAU,PV_CSi_tech3,0.082142857
2050,India,PV_CSi,BAU,PV_CSi_tech3,0.1
2025,India,PV_CSi,BAU,PV_CSi_tech4,0
2030,India,PV_CSi,BAU,PV_CSi_tech4,0.028571429
2035,India,PV_CSi,BAU,PV_CSi_tech4,0.046428571
2040,India,PV_CSi,BAU,PV_CSi_tech4,0.064285714
2045,India,PV_CSi,BAU,PV_CSi_tech4,0.082142857
2050,India,PV_CSi,BAU,PV_CSi_tech4,0.1
2025,India,PV_CSi,BAU,PV_CSi_tech5,0
2030,India,PV_CSi,BAU,PV_CSi_tech5,0.028571429
2035,India,PV_CSi,BAU,PV_CSi_tech5,0.046428571
2040,India,PV_CSi,BAU,PV_CSi_tech5,0.064285714
2045,India,PV_CSi,BAU,PV_CSi_tech5,0.082142857
2050,India,PV_CSi,BAU,PV_CSi_tech5,0.1
2025,India,PV_CSi,BAU,PV_CSi_tech6,0
2030,India,PV_CSi,BAU,PV_CSi_tech6,0.028571429
2035,India,PV_CSi,BAU,PV_CSi_tech6,0.046428571
2040,India,PV_CSi,BAU,PV_CSi_tech6,0.064285714
2045,India,PV_CSi,BAU,PV_CSi_tech6,0.082142857
2050,India,PV_CSi,BAU,PV_CSi_tech6,0.1
2025,India,PV_CSi,BAU,PV_CSi_tech7,0
2030,India,PV_CSi,BAU,PV_CSi_tech7,0.028571429
2035,India,PV_CSi,BAU,PV_CSi_tech7,0.046428571
2040,India,PV_CSi,BAU,PV_CSi_tech7,0.064285714
2045,India,PV_CSi,BAU,PV_CSi_tech7,0.082142857
2050,India,PV_CSi,BAU,PV_CSi_tech7,0.1
2025,Brazil,PV_CSi,BAU,PV_CSi_tech1,1
2030,Brazil,PV_CSi,BAU,PV_CSi_tech1,0.828571429
2035,Brazil,PV_CSi,BAU,PV_CSi_tech1,0.721428571
2040,Brazil,PV_CSi,BAU,PV_CSi_tech1,0.614285714
2045,Brazil,PV_CSi,BAU,PV_CSi_tech1,0.507142857
2050,Brazil,PV_CSi,BAU,PV_CSi_tech1,0.4
2025,Brazil,PV_CSi,BAU,PV_CSi_tech2,0
2030,Brazil,PV_CSi,BAU,PV_CSi_tech2,0.028571429
2035,Brazil,PV_CSi,BAU,PV_CSi_tech2,0.046428571
2040,Brazil,PV_CSi,BAU,PV_CSi_tech2,0.064285714
2045,Brazil,PV_CSi,BAU,PV_CSi_tech2,0.082142857
2050,Brazil,PV_CSi,BAU,PV_CSi_tech2,0.1
2025,Brazil,PV_CSi,BAU,PV_CSi_tech3,0
2030,Brazil,PV_CSi,BAU,PV_CSi_tech3,0.028571429
2035,Brazil,PV_CSi,BAU,PV_CSi_tech3,0.046428571
2040,Brazil,PV_CSi,BAU,PV_CSi_tech3,0.064285714
2045,Brazil,PV_CSi,BAU,PV_CSi_tech3,0.082142857
2050,Brazil,PV_CSi,BAU,PV_CSi_tech3,0.1
2025,Brazil,PV_CSi,BAU,PV_CSi_tech4,0
2030,Brazil,PV_CSi,BAU,PV_CSi_tech4,0.028571429
2035,Brazil,PV_CSi,BAU,PV_CSi_tech4,0.046428571
2040,Brazil,PV_CSi,BAU,PV_CSi_tech4,0.064285714
2045,Brazil,PV_CSi,BAU,PV_CSi_tech4,0.082142857
2050,Brazil,PV_CSi,BAU,PV_CSi_tech4,0.1
2025,Brazil,PV_CSi,BAU,PV_CSi_tech5,0
2030,Brazil,PV_CSi,BAU,PV_CSi_tech5,0.028571429
2035,Brazil,PV_CSi,BAU,PV_CSi_tech5,0.046428571
2040,Brazil,PV_CSi,BAU,PV_CSi_tech5,0.064285714
2045,Brazil,PV_CSi,BAU,PV_CSi_tech5,0.082142857
2050,Brazil,PV_CSi,BAU,PV_CSi_tech5,0.1
2025,Brazil,PV_CSi,BAU,PV_CSi_tech6,0
2030,Brazil,PV_CSi,BAU,PV_CSi_tech6,0.028571429
2035,Brazil,PV_CSi,BAU,PV_CSi_tech6,0.046428571
2040,Brazil,PV_CSi,BAU,PV_CSi_tech6,0.064285714
2045,Brazil,PV_CSi,BAU,PV_CSi_tech6,0.082142857
2050,Brazil,PV_CSi,BAU,PV_CSi_tech6,0.1
2025,Brazil,PV_CSi,BAU,PV_CSi_tech7,0
2030,Brazil,PV_CSi,BAU,PV_CSi_tech7,0.028571429
2035,Brazil,PV_CSi,BAU,PV_CSi_tech7,0.046428571
2040,Brazil,PV_CSi,BAU,PV_CSi_tech7,0.064285714
2045,Brazil,PV_CSi,BAU,PV_CSi_tech7,0.082142857
2050,Brazil,PV_CSi,BAU,PV_CSi_tech7,0.1
2025,Mideast,PV_CSi,BAU,PV_CSi_tech1,1
2030,Mideast,PV_CSi,BAU,PV_CSi_tech1,0.828571429
2035,Mideast,PV_CSi,BAU,PV_CSi_tech1,0.721428571
2040,Mideast,PV_CSi,BAU,PV_CSi_tech1,0.614285714
2045,Mideast,PV_CSi,BAU,PV_CSi_tech1,0.507142857
2050,Mideast,PV_CSi,BAU,PV_CSi_tech1,0.4
2025,Mideast,PV_CSi,BAU,PV_CSi_tech2,0
2030,Mideast,PV_CSi,BAU,PV_CSi_tech2,0.028571429
2035,Mideast,PV_CSi,BAU,PV_CSi_tech2,0.046428571
2040,Mideast,PV_CSi,BAU,PV_CSi_tech2,0.064285714
2045,Mideast,PV_CSi,BAU,PV_CSi_tech2,0.082142857
2050,Mideast,PV_CSi,BAU,PV_CSi_tech2,0.1
2025,Mideast,PV_CSi,BAU,PV_CSi_tech3,0
2030,Mideast,PV_CSi,BAU,PV_CSi_tech3,0.028571429
2035,Mideast,PV_CSi,BAU,PV_CSi_tech3,0.046428571
2040,Mideast,PV_CSi,BAU,PV_CSi_tech3,0.064285714
2045,Mideast,PV_CSi,BAU,PV_CSi_tech3,0.082142857
2050,Mideast,PV_CSi,BAU,PV_CSi_tech3,0.1
2025,Mideast,PV_CSi,BAU,PV_CSi_tech4,0
2030,Mideast,PV_CSi,BAU,PV_CSi_tech4,0.028571429
2035,Mideast,PV_CSi,BAU,PV_CSi_tech4,0.046428571
2040,Mideast,PV_CSi,BAU,PV_CSi_tech4,0.064285714
2045,Mideast,PV_CSi,BAU,PV_CSi_tech4,0.082142857
2050,Mideast,PV_CSi,BAU,PV_CSi_tech4,0.1
2025,Mideast,PV_CSi,BAU,PV_CSi_tech5,0
2030,Mideast,PV_CSi,BAU,PV_CSi_tech5,0.028571429
2035,Mideast,PV_CSi,BAU,PV_CSi_tech5,0.046428571
2040,Mideast,PV_CSi,BAU,PV_CSi_tech5,0.064285714
2045,Mideast,PV_CSi,BAU,PV_CSi_tech5,0.082142857
2050,Mideast,PV_CSi,BAU,PV_CSi_tech5,0.1
2025,Mideast,PV_CSi,BAU,PV_CSi_tech6,0
2030,Mideast,PV_CSi,BAU,PV_CSi_tech6,0.028571429
2035,Mideast,PV_CSi,BAU,PV_CSi_tech6,0.046428571
2040,Mideast,PV_CSi,BAU,PV_CSi_tech6,0.064285714
2045,Mideast,PV_CSi,BAU,PV_CSi_tech6,0.082142857
2050,Mideast,PV_CSi,BAU,PV_CSi_tech6,0.1
2025,Mideast,PV_CSi,BAU,PV_CSi_tech7,0
2030,Mideast,PV_CSi,BAU,PV_CSi_tech7,0.028571429
2035,Mideast,PV_CSi,BAU,PV_CSi_tech7,0.046428571
2040,Mideast,PV_CSi,BAU,PV_CSi_tech7,0.064285714
2045,Mideast,PV_CSi,BAU,PV_CSi_tech7,0.082142857
2050,Mideast,PV_CSi,BAU,PV_CSi_tech7,0.1
2025,USA,PV_CSi,BAU,PV_CSi_tech1,1
2030,USA,PV_CSi,BAU,PV_CSi_tech1,0.76
2035,USA,PV_CSi,BAU,PV_CSi_tech1,0.61
2040,USA,PV_CSi,BAU,PV_CSi_tech1,0.46
2045,USA,PV_CSi,BAU,PV_CSi_tech1,0.31
2050,USA,PV_CSi,BAU,PV_CSi_tech1,0.16
2025,USA,PV_CSi,BAU,PV_CSi_tech2,0
2030,USA,PV_CSi,BAU,PV_CSi_tech2,0.04
2035,USA,PV_CSi,BAU,PV_CSi_tech2,0.065
2040,USA,PV_CSi,BAU,PV_CSi_tech2,0.09
2045,USA,PV_CSi,BAU,PV_CSi_tech2,0.115
2050,USA,PV_CSi,BAU,PV_CSi_tech2,0.14
2025,USA,PV_CSi,BAU,PV_CSi_tech3,0
2030,USA,PV_CSi,BAU,PV_CSi_tech3,0.04
2035,USA,PV_CSi,BAU,PV_CSi_tech3,0.065
2040,USA,PV_CSi,BAU,PV_CSi_tech3,0.09
2045,USA,PV_CSi,BAU,PV_CSi_tech3,0.115
2050,USA,PV_CSi,BAU,PV_CSi_tech3,0.14
2025,USA,PV_CSi,BAU,PV_CSi_tech4,0
2030,USA,PV_CSi,BAU,PV_CSi_tech4,0.04
2035,USA,PV_CSi,BAU,PV_CSi_tech4,0.065
2040,USA,PV_CSi,BAU,PV_CSi_tech4,0.09
2045,USA,PV_CSi,BAU,PV_CSi_tech4,0.115
2050,USA,PV_CSi,BAU,PV_CSi_tech4,0.14
2025,USA,PV_CSi,BAU,PV_CSi_tech5,0
2030,USA,PV_CSi,BAU,PV_CSi_tech5,0.04
2035,USA,PV_CSi,BAU,PV_CSi_tech5,0.065
2040,USA,PV_CSi,BAU,PV_CSi_tech5,0.09
2045,USA,PV_CSi,BAU,PV_CSi_tech5,0.115
2050,USA,PV_CSi,BAU,PV_CSi_tech5,0.14
2025,USA,PV_CSi,BAU,PV_CSi_tech6,0
2030,USA,PV_CSi,BAU,PV_CSi_tech6,0.04
2035,USA,PV_CSi,BAU,PV_CSi_tech6,0.065
2040,USA,PV_CSi,BAU,PV_CSi_tech6,0.09
2045,USA,PV_CSi,BAU,PV_CSi_tech6,0.115
2050,USA,PV_CSi,BAU,PV_CSi_tech6,0.14
2025,USA,PV_CSi,BAU,PV_CSi_tech7,0
2030,USA,PV_CSi,BAU,PV_CSi_tech7,0.04
2035,USA,PV_CSi,BAU,PV_CSi_tech7,0.065
2040,USA,PV_CSi,BAU,PV_CSi_tech7,0.09
2045,USA,PV_CSi,BAU,PV_CSi_tech7,0.115
2050,USA,PV_CSi,BAU,PV_CSi_tech7,0.14
2025,EU,PV_CSi,BAU,PV_CSi_tech1,0.4
2030,EU,PV_CSi,BAU,PV_CSi_tech1,0.285714286
2035,EU,PV_CSi,BAU,PV_CSi_tech1,0.214285714
2040,EU,PV_CSi,BAU,PV_CSi_tech1,0.142857143
2045,EU,PV_CSi,BAU,PV_CSi_tech1,0.071428571
2050,EU,PV_CSi,BAU,PV_CSi_tech1,0
2025,EU,PV_CSi,BAU,PV_CSi_tech2,0.1
2030,EU,PV_CSi,BAU,PV_CSi_tech2,0.119057143
2035,EU,PV_CSi,BAU,PV_CSi_tech2,0.130967857
2040,EU,PV_CSi,BAU,PV_CSi_tech2,0.142878571
2045,EU,PV_CSi,BAU,PV_CSi_tech2,0.154789286
2050,EU,PV_CSi,BAU,PV_CSi_tech2,0.1667
2025,EU,PV_CSi,BAU,PV_CSi_tech3,0.1
2030,EU,PV_CSi,BAU,PV_CSi_tech3,0.119057143
2035,EU,PV_CSi,BAU,PV_CSi_tech3,0.130967857
2040,EU,PV_CSi,BAU,PV_CSi_tech3,0.142878571
2045,EU,PV_CSi,BAU,PV_CSi_tech3,0.154789286
2050,EU,PV_CSi,BAU,PV_CSi_tech3,0.1667
2025,EU,PV_CSi,BAU,PV_CSi_tech4,0.1
2030,EU,PV_CSi,BAU,PV_CSi_tech4,0.119057143
2035,EU,PV_CSi,BAU,PV_CSi_tech4,0.130967857
2040,EU,PV_CSi,BAU,PV_CSi_tech4,0.142878571
2045,EU,PV_CSi,BAU,PV_CSi_tech4,0.154789286
2050,EU,PV_CSi,BAU,PV_CSi_tech4,0.1667
2025,EU,PV_CSi,BAU,PV_CSi_tech5,0.1
2030,EU,PV_CSi,BAU,PV_CSi_tech5,0.119057143
2035,EU,PV_CSi,BAU,PV_CSi_tech5,0.130967857
2040,EU,PV_CSi,BAU,PV_CSi_tech5,0.142878571
2045,EU,PV_CSi,BAU,PV_CSi_tech5,0.154789286
2050,EU,PV_CSi,BAU,PV_CSi_tech5,0.1667
2025,EU,PV_CSi,BAU,PV_CSi_tech6,0.1
2030,EU,PV_CSi,BAU,PV_CSi_tech6,0.119028571
2035,EU,PV_CSi,BAU,PV_CSi_tech6,0.130921429
2040,EU,PV_CSi,BAU,PV_CSi_tech6,0.142814286
2045,EU,PV_CSi,BAU,PV_CSi_tech6,0.154707143
2050,EU,PV_CSi,BAU,PV_CSi_tech6,0.1666
2025,EU,PV_CSi,BAU,PV_CSi_tech7,0.1
2030,EU,PV_CSi,BAU,PV_CSi_tech7,0.119028571
2035,EU,PV_CSi,BAU,PV_CSi_tech7,0.130921429
2040,EU,PV_CSi,BAU,PV_CSi_tech7,0.142814286
2045,EU,PV_CSi,BAU,PV_CSi_tech7,0.154707143
2050,EU,PV_CSi,BAU,PV_CSi_tech7,0.1666
2025,China,PV_CSi,CRT,PV_CSi_tech1,1
2030,China,PV_CSi,CRT,PV_CSi_tech1,0.794285714
2035,China,PV_CSi,CRT,PV_CSi_tech1,0.665714286
2040,China,PV_CSi,CRT,PV_CSi_tech1,0.537142857
2045,China,PV_CSi,CRT,PV_CSi_tech1,0.408571429
2050,China,PV_CSi,CRT,PV_CSi_tech1,0.28
2025,China,PV_CSi,CRT,PV_CSi_tech2,0
2030,China,PV_CSi,CRT,PV_CSi_tech2,0
2035,China,PV_CSi,CRT,PV_CSi_tech2,0
2040,China,PV_CSi,CRT,PV_CSi_tech2,0
2045,China,PV_CSi,CRT,PV_CSi_tech2,0
2050,China,PV_CSi,CRT,PV_CSi_tech2,0
2025,China,PV_CSi,CRT,PV_CSi_tech3,0
2030,China,PV_CSi,CRT,PV_CSi_tech3,0
2035,China,PV_CSi,CRT,PV_CSi_tech3,0
2040,China,PV_CSi,CRT,PV_CSi_tech3,0
2045,China,PV_CSi,CRT,PV_CSi_tech3,0
2050,China,PV_CSi,CRT,PV_CSi_tech3,0
2025,China,PV_CSi,CRT,PV_CSi_tech4,0
2030,China,PV_CSi,CRT,PV_CSi_tech4,0
2035,China,PV_CSi,CRT,PV_CSi_tech4,0
2040,China,PV_CSi,CRT,PV_CSi_tech4,0
2045,China,PV_CSi,CRT,PV_CSi_tech4,0
2050,China,PV_CSi,CRT,PV_CSi_tech4,0
2025,China,PV_CSi,CRT,PV_CSi_tech5,0
2030,China,PV_CSi,CRT,PV_CSi_tech5,0.061714286
2035,China,PV_CSi,CRT,PV_CSi_tech5,0.100285714
2040,China,PV_CSi,CRT,PV_CSi_tech5,0.138857143
2045,China,PV_CSi,CRT,PV_CSi_tech5,0.177428571
2050,China,PV_CSi,CRT,PV_CSi_tech5,0.216
2025,China,PV_CSi,CRT,PV_CSi_tech6,0
2030,China,PV_CSi,CRT,PV_CSi_tech6,0.041142857
2035,China,PV_CSi,CRT,PV_CSi_tech6,0.066857143
2040,China,PV_CSi,CRT,PV_CSi_tech6,0.092571429
2045,China,PV_CSi,CRT,PV_CSi_tech6,0.118285714
2050,China,PV_CSi,CRT,PV_CSi_tech6,0.144
2025,China,PV_CSi,CRT,PV_CSi_tech7,0
2030,China,PV_CSi,CRT,PV_CSi_tech7,0.102857143
2035,China,PV_CSi,CRT,PV_CSi_tech7,0.167142857
2040,China,PV_CSi,CRT,PV_CSi_tech7,0.231428571
2045,China,PV_CSi,CRT,PV_CSi_tech7,0.295714286
2050,China,PV_CSi,CRT,PV_CSi_tech7,0.36
2025,India,PV_CSi,CRT,PV_CSi_tech1,1
2030,India,PV_CSi,CRT,PV_CSi_tech1,0.828571429
2035,India,PV_CSi,CRT,PV_CSi_tech1,0.721428571
2040,India,PV_CSi,CRT,PV_CSi_tech1,0.614285714
2045,India,PV_CSi,CRT,PV_CSi_tech1,0.507142857
2050,India,PV_CSi,CRT,PV_CSi_tech1,0.4
2025,India,PV_CSi,CRT,PV_CSi_tech2,0
2030,India,PV_CSi,CRT,PV_CSi_tech2,0
2035,India,PV_CSi,CRT,PV_CSi_tech2,0
2040,India,PV_CSi,CRT,PV_CSi_tech2,0
2045,India,PV_CSi,CRT,PV_CSi_tech2,0
2050,India,PV_CSi,CRT,PV_CSi_tech2,0
2025,India,PV_CSi,CRT,PV_CSi_tech3,0
2030,India,PV_CSi,CRT,PV_CSi_tech3,0
2035,India,PV_CSi,CRT,PV_CSi_tech3,0
2040,India,PV_CSi,CRT,PV_CSi_tech3,0
2045,India,PV_CSi,CRT,PV_CSi_tech3,0
2050,India,PV_CSi,CRT,PV_CSi_tech3,0
2025,India,PV_CSi,CRT,PV_CSi_tech4,0
2030,India,PV_CSi,CRT,PV_CSi_tech4,0
2035,India,PV_CSi,CRT,PV_CSi_tech4,0
2040,India,PV_CSi,CRT,PV_CSi_tech4,0
2045,India,PV_CSi,CRT,PV_CSi_tech4,0
2050,India,PV_CSi,CRT,PV_CSi_tech4,0
2025,India,PV_CSi,CRT,PV_CSi_tech5,0
2030,India,PV_CSi,CRT,PV_CSi_tech5,0.051428571
2035,India,PV_CSi,CRT,PV_CSi_tech5,0.083571429
2040,India,PV_CSi,CRT,PV_CSi_tech5,0.115714286
2045,India,PV_CSi,CRT,PV_CSi_tech5,0.147857143
2050,India,PV_CSi,CRT,PV_CSi_tech5,0.18
2025,India,PV_CSi,CRT,PV_CSi_tech6,0
2030,India,PV_CSi,CRT,PV_CSi_tech6,0.034285714
2035,India,PV_CSi,CRT,PV_CSi_tech6,0.055714286
2040,India,PV_CSi,CRT,PV_CSi_tech6,0.077142857
2045,India,PV_CSi,CRT,PV_CSi_tech6,0.098571429
2050,India,PV_CSi,CRT,PV_CSi_tech6,0.12
2025,India,PV_CSi,CRT,PV_CSi_tech7,0
2030,India,PV_CSi,CRT,PV_CSi_tech7,0.085714286
2035,India,PV_CSi,CRT,PV_CSi_tech7,0.139285714
2040,India,PV_CSi,CRT,PV_CSi_tech7,0.192857143
2045,India,PV_CSi,CRT,PV_CSi_tech7,0.246428571
2050,India,PV_CSi,CRT,PV_CSi_tech7,0.3
2025,Brazil,PV_CSi,CRT,PV_CSi_tech1,1
2030,Brazil,PV_CSi,CRT,PV_CSi_tech1,0.828571429
2035,Brazil,PV_CSi,CRT,PV_CSi_tech1,0.721428571
2040,Brazil,PV_CSi,CRT,PV_CSi_tech1,0.614285714
2045,Brazil,PV_CSi,CRT,PV_CSi_tech1,0.507142857
2050,Brazil,PV_CSi,CRT,PV_CSi_tech1,0.4
2025,Brazil,PV_CSi,CRT,PV_CSi_tech2,0
2030,Brazil,PV_CSi,CRT,PV_CSi_tech2,0
2035,Brazil,PV_CSi,CRT,PV_CSi_tech2,0
2040,Brazil,PV_CSi,CRT,PV_CSi_tech2,0
2045,Brazil,PV_CSi,CRT,PV_CSi_tech2,0
2050,Brazil,PV_CSi,CRT,PV_CSi_tech2,0
2025,Brazil,PV_CSi,CRT,PV_CSi_tech3,0
2030,Brazil,PV_CSi,CRT,PV_CSi_tech3,0
2035,Brazil,PV_CSi,CRT,PV_CSi_tech3,0
2040,Brazil,PV_CSi,CRT,PV_CSi_tech3,0
2045,Brazil,PV_CSi,CRT,PV_CSi_tech3,0
2050,Brazil,PV_CSi,CRT,PV_CSi_tech3,0
2025,Brazil,PV_CSi,CRT,PV_CSi_tech4,0
2030,Brazil,PV_CSi,CRT,PV_CSi_tech4,0
2035,Brazil,PV_CSi,CRT,PV_CSi_tech4,0
2040,Brazil,PV_CSi,CRT,PV_CSi_tech4,0
2045,Brazil,PV_CSi,CRT,PV_CSi_tech4,0
2050,Brazil,PV_CSi,CRT,PV_CSi_tech4,0
2025,Brazil,PV_CSi,CRT,PV_CSi_tech5,0
2030,Brazil,PV_CSi,CRT,PV_CSi_tech5,0.051428571
2035,Brazil,PV_CSi,CRT,PV_CSi_tech5,0.083571429
2040,Brazil,PV_CSi,CRT,PV_CSi_tech5,0.115714286
2045,Brazil,PV_CSi,CRT,PV_CSi_tech5,0.147857143
2050,Brazil,PV_CSi,CRT,PV_CSi_tech5,0.18
2025,Brazil,PV_CSi,CRT,PV_CSi_tech6,0
2030,Brazil,PV_CSi,CRT,PV_CSi_tech6,0.034285714
2035,Brazil,PV_CSi,CRT,PV_CSi_tech6,0.055714286
2040,Brazil,PV_CSi,CRT,PV_CSi_tech6,0.077142857
2045,Brazil,PV_CSi,CRT,PV_CSi_tech6,0.098571429
2050,Brazil,PV_CSi,CRT,PV_CSi_tech6,0.12
2025,Brazil,PV_CSi,CRT,PV_CSi_tech7,0
2030,Brazil,PV_CSi,CRT,PV_CSi_tech7,0.085714286
2035,Brazil,PV_CSi,CRT,PV_CSi_tech7,0.139285714
2040,Brazil,PV_CSi,CRT,PV_CSi_tech7,0.192857143
2045,Brazil,PV_CSi,CRT,PV_CSi_tech7,0.246428571
2050,Brazil,PV_CSi,CRT,PV_CSi_tech7,0.3
2025,Mideast,PV_CSi,CRT,PV_CSi_tech1,1
2030,Mideast,PV_CSi,CRT,PV_CSi_tech1,0.828571429
2035,Mideast,PV_CSi,CRT,PV_CSi_tech1,0.721428571
2040,Mideast,PV_CSi,CRT,PV_CSi_tech1,0.614285714
2045,Mideast,PV_CSi,CRT,PV_CSi_tech1,0.507142857
2050,Mideast,PV_CSi,CRT,PV_CSi_tech1,0.4
2025,Mideast,PV_CSi,CRT,PV_CSi_tech2,0
2030,Mideast,PV_CSi,CRT,PV_CSi_tech2,0
2035,Mideast,PV_CSi,CRT,PV_CSi_tech2,0
2040,Mideast,PV_CSi,CRT,PV_CSi_tech2,0
2045,Mideast,PV_CSi,CRT,PV_CSi_tech2,0
2050,Mideast,PV_CSi,CRT,PV_CSi_tech2,0
2025,Mideast,PV_CSi,CRT,PV_CSi_tech3,0
2030,Mideast,PV_CSi,CRT,PV_CSi_tech3,0
2035,Mideast,PV_CSi,CRT,PV_CSi_tech3,0
2040,Mideast,PV_CSi,CRT,PV_CSi_tech3,0
2045,Mideast,PV_CSi,CRT,PV_CSi_tech3,0
2050,Mideast,PV_CSi,CRT,PV_CSi_tech3,0
2025,Mideast,PV_CSi,CRT,PV_CSi_tech4,0
2030,Mideast,PV_CSi,CRT,PV_CSi_tech4,0
2035,Mideast,PV_CSi,CRT,PV_CSi_tech4,0
2040,Mideast,PV_CSi,CRT,PV_CSi_tech4,0
2045,Mideast,PV_CSi,CRT,PV_CSi_tech4,0
2050,Mideast,PV_CSi,CRT,PV_CSi_tech4,0
2025,Mideast,PV_CSi,CRT,PV_CSi_tech5,0
2030,Mideast,PV_CSi,CRT,PV_CSi_tech5,0.051428571
2035,Mideast,PV_CSi,CRT,PV_CSi_tech5,0.083571429
2040,Mideast,PV_CSi,CRT,PV_CSi_tech5,0.115714286
2045,Mideast,PV_CSi,CRT,PV_CSi_tech5,0.147857143
2050,Mideast,PV_CSi,CRT,PV_CSi_tech5,0.18
2025,Mideast,PV_CSi,CRT,PV_CSi_tech6,0
2030,Mideast,PV_CSi,CRT,PV_CSi_tech6,0.034285714
2035,Mideast,PV_CSi,CRT,PV_CSi_tech6,0.055714286
2040,Mideast,PV_CSi,CRT,PV_CSi_tech6,0.077142857
2045,Mideast,PV_CSi,CRT,PV_CSi_tech6,0.098571429
2050,Mideast,PV_CSi,CRT,PV_CSi_tech6,0.12
2025,Mideast,PV_CSi,CRT,PV_CSi_tech7,0
2030,Mideast,PV_CSi,CRT,PV_CSi_tech7,0.085714286
2035,Mideast,PV_CSi,CRT,PV_CSi_tech7,0.139285714
2040,Mideast,PV_CSi,CRT,PV_CSi_tech7,0.192857143
2045,Mideast,PV_CSi,CRT,PV_CSi_tech7,0.246428571
2050,Mideast,PV_CSi,CRT,PV_CSi_tech7,0.3
2025,USA,PV_CSi,CRT,PV_CSi_tech1,1
2030,USA,PV_CSi,CRT,PV_CSi_tech1,0.76
2035,USA,PV_CSi,CRT,PV_CSi_tech1,0.61
2040,USA,PV_CSi,CRT,PV_CSi_tech1,0.46
2045,USA,PV_CSi,CRT,PV_CSi_tech1,0.31
2050,USA,PV_CSi,CRT,PV_CSi_tech1,0.16
2025,USA,PV_CSi,CRT,PV_CSi_tech2,0
2030,USA,PV_CSi,CRT,PV_CSi_tech2,0
2035,USA,PV_CSi,CRT,PV_CSi_tech2,0
2040,USA,PV_CSi,CRT,PV_CSi_tech2,0
2045,USA,PV_CSi,CRT,PV_CSi_tech2,0
2050,USA,PV_CSi,CRT,PV_CSi_tech2,0
2025,USA,PV_CSi,CRT,PV_CSi_tech3,0
2030,USA,PV_CSi,CRT,PV_CSi_tech3,0
2035,USA,PV_CSi,CRT,PV_CSi_tech3,0
2040,USA,PV_CSi,CRT,PV_CSi_tech3,0
2045,USA,PV_CSi,CRT,PV_CSi_tech3,0
2050,USA,PV_CSi,CRT,PV_CSi_tech3,0
2025,USA,PV_CSi,CRT,PV_CSi_tech4,0
2030,USA,PV_CSi,CRT,PV_CSi_tech4,0
2035,USA,PV_CSi,CRT,PV_CSi_tech4,0
2040,USA,PV_CSi,CRT,PV_CSi_tech4,0
2045,USA,PV_CSi,CRT,PV_CSi_tech4,0
2050,USA,PV_CSi,CRT,PV_CSi_tech4,0
2025,USA,PV_CSi,CRT,PV_CSi_tech5,0
2030,USA,PV_CSi,CRT,PV_CSi_tech5,0.075428571
2035,USA,PV_CSi,CRT,PV_CSi_tech5,0.122571429
2040,USA,PV_CSi,CRT,PV_CSi_tech5,0.169714286
2045,USA,PV_CSi,CRT,PV_CSi_tech5,0.216857143
2050,USA,PV_CSi,CRT,PV_CSi_tech5,0.264
2025,USA,PV_CSi,CRT,PV_CSi_tech6,0
2030,USA,PV_CSi,CRT,PV_CSi_tech6,0.050285714
2035,USA,PV_CSi,CRT,PV_CSi_tech6,0.081714286
2040,USA,PV_CSi,CRT,PV_CSi_tech6,0.113142857
2045,USA,PV_CSi,CRT,PV_CSi_tech6,0.144571429
2050,USA,PV_CSi,CRT,PV_CSi_tech6,0.176
2025,USA,PV_CSi,CRT,PV_CSi_tech7,0
2030,USA,PV_CSi,CRT,PV_CSi_tech7,0.114285714
2035,USA,PV_CSi,CRT,PV_CSi_tech7,0.185714286
2040,USA,PV_CSi,CRT,PV_CSi_tech7,0.257142857
2045,USA,PV_CSi,CRT,PV_CSi_tech7,0.328571429
2050,USA,PV_CSi,CRT,PV_CSi_tech7,0.4
2025,EU,PV_CSi,CRT,PV_CSi_tech1,0.4
2030,EU,PV_CSi,CRT,PV_CSi_tech1,0.285714286
2035,EU,PV_CSi,CRT,PV_CSi_tech1,0.214285714
2040,EU,PV_CSi,CRT,PV_CSi_tech1,0.142857143
2045,EU,PV_CSi,CRT,PV_CSi_tech1,0.071428571
2050,EU,PV_CSi,CRT,PV_CSi_tech1,0
2025,EU,PV_CSi,CRT,PV_CSi_tech2,0.1
2030,EU,PV_CSi,CRT,PV_CSi_tech2,0.071428571
2035,EU,PV_CSi,CRT,PV_CSi_tech2,0.053571429
2040,EU,PV_CSi,CRT,PV_CSi_tech2,0.035714286
2045,EU,PV_CSi,CRT,PV_CSi_tech2,0.017857143
2050,EU,PV_CSi,CRT,PV_CSi_tech2,0
2025,EU,PV_CSi,CRT,PV_CSi_tech3,0.1
2030,EU,PV_CSi,CRT,PV_CSi_tech3,0.071428571
2035,EU,PV_CSi,CRT,PV_CSi_tech3,0.053571429
2040,EU,PV_CSi,CRT,PV_CSi_tech3,0.035714286
2045,EU,PV_CSi,CRT,PV_CSi_tech3,0.017857143
2050,EU,PV_CSi,CRT,PV_CSi_tech3,0
2025,EU,PV_CSi,CRT,PV_CSi_tech4,0.1
2030,EU,PV_CSi,CRT,PV_CSi_tech4,0.071428571
2035,EU,PV_CSi,CRT,PV_CSi_tech4,0.053571429
2040,EU,PV_CSi,CRT,PV_CSi_tech4,0.035714286
2045,EU,PV_CSi,CRT,PV_CSi_tech4,0.017857143
2050,EU,PV_CSi,CRT,PV_CSi_tech4,0
2025,EU,PV_CSi,CRT,PV_CSi_tech5,0.1
2030,EU,PV_CSi,CRT,PV_CSi_tech5,0.165714286
2035,EU,PV_CSi,CRT,PV_CSi_tech5,0.206785714
2040,EU,PV_CSi,CRT,PV_CSi_tech5,0.247857143
2045,EU,PV_CSi,CRT,PV_CSi_tech5,0.288928571
2050,EU,PV_CSi,CRT,PV_CSi_tech5,0.33
2025,EU,PV_CSi,CRT,PV_CSi_tech6,0.1
2030,EU,PV_CSi,CRT,PV_CSi_tech6,0.134285714
2035,EU,PV_CSi,CRT,PV_CSi_tech6,0.155714286
2040,EU,PV_CSi,CRT,PV_CSi_tech6,0.177142857
2045,EU,PV_CSi,CRT,PV_CSi_tech6,0.198571429
2050,EU,PV_CSi,CRT,PV_CSi_tech6,0.22
2025,EU,PV_CSi,CRT,PV_CSi_tech7,0.1
2030,EU,PV_CSi,CRT,PV_CSi_tech7,0.2
2035,EU,PV_CSi,CRT,PV_CSi_tech7,0.2625
2040,EU,PV_CSi,CRT,PV_CSi_tech7,0.325
2045,EU,PV_CSi,CRT,PV_CSi_tech7,0.3875
2050,EU,PV_CSi,CRT,PV_CSi_tech7,0.45
2025,China,PV_CdTe,BAU,PV_CeTd_tech1,1
2030,China,PV_CdTe,BAU,PV_CeTd_tech1,0.794285714
2035,China,PV_CdTe,BAU,PV_CeTd_tech1,0.665714286
2040,China,PV_CdTe,BAU,PV_CeTd_tech1,0.537142857
2045,China,PV_CdTe,BAU,PV_CeTd_tech1,0.408571429
2050,China,PV_CdTe,BAU,PV_CeTd_tech1,0.28
2025,China,PV_CdTe,BAU,PV_CeTd_tech2,0
2030,China,PV_CdTe,BAU,PV_CeTd_tech2,0.102857143
2035,China,PV_CdTe,BAU,PV_CeTd_tech2,0.167142857
2040,China,PV_CdTe,BAU,PV_CeTd_tech2,0.231428571
2045,China,PV_CdTe,BAU,PV_CeTd_tech2,0.295714286
2050,China,PV_CdTe,BAU,PV_CeTd_tech2,0.36
2025,China,PV_CdTe,BAU,PV_CeTd_tech3,0
2030,China,PV_CdTe,BAU,PV_CeTd_tech3,0.102857143
2035,China,PV_CdTe,BAU,PV_CeTd_tech3,0.167142857
2040,China,PV_CdTe,BAU,PV_CeTd_tech3,0.231428571
2045,China,PV_CdTe,BAU,PV_CeTd_tech3,0.295714286
2050,China,PV_CdTe,BAU,PV_CeTd_tech3,0.36
2025,India,PV_CdTe,BAU,PV_CeTd_tech1,1
2030,India,PV_CdTe,BAU,PV_CeTd_tech1,0.828571429
2035,India,PV_CdTe,BAU,PV_CeTd_tech1,0.721428571
2040,India,PV_CdTe,BAU,PV_CeTd_tech1,0.614285714
2045,India,PV_CdTe,BAU,PV_CeTd_tech1,0.507142857
2050,India,PV_CdTe,BAU,PV_CeTd_tech1,0.4
2025,India,PV_CdTe,BAU,PV_CeTd_tech2,0
2030,India,PV_CdTe,BAU,PV_CeTd_tech2,0.085714286
2035,India,PV_CdTe,BAU,PV_CeTd_tech2,0.139285714
2040,India,PV_CdTe,BAU,PV_CeTd_tech2,0.192857143
2045,India,PV_CdTe,BAU,PV_CeTd_tech2,0.246428571
2050,India,PV_CdTe,BAU,PV_CeTd_tech2,0.3
2025,India,PV_CdTe,BAU,PV_CeTd_tech3,0
2030,India,PV_CdTe,BAU,PV_CeTd_tech3,0.085714286
2035,India,PV_CdTe,BAU,PV_CeTd_tech3,0.139285714
2040,India,PV_CdTe,BAU,PV_CeTd_tech3,0.192857143
2045,India,PV_CdTe,BAU,PV_CeTd_tech3,0.246428571
2050,India,PV_CdTe,BAU,PV_CeTd_tech3,0.3
2025,Brazil,PV_CdTe,BAU,PV_CeTd_tech1,1
2030,Brazil,PV_CdTe,BAU,PV_CeTd_tech1,0.828571429
2035,Brazil,PV_CdTe,BAU,PV_CeTd_tech1,0.721428571
2040,Brazil,PV_CdTe,BAU,PV_CeTd_tech1,0.614285714
2045,Brazil,PV_CdTe,BAU,PV_CeTd_tech1,0.507142857
2050,Brazil,PV_CdTe,BAU,PV_CeTd_tech1,0.4
2025,Brazil,PV_CdTe,BAU,PV_CeTd_tech2,0
2030,Brazil,PV_CdTe,BAU,PV_CeTd_tech2,0.085714286
2035,Brazil,PV_CdTe,BAU,PV_CeTd_tech2,0.139285714
2040,Brazil,PV_CdTe,BAU,PV_CeTd_tech2,0.192857143
2045,Brazil,PV_CdTe,BAU,PV_CeTd_tech2,0.246428571
2050,Brazil,PV_CdTe,BAU,PV_CeTd_tech2,0.3
2025,Brazil,PV_CdTe,BAU,PV_CeTd_tech3,0
2030,Brazil,PV_CdTe,BAU,PV_CeTd_tech3,0.085714286
2035,Brazil,PV_CdTe,BAU,PV_CeTd_tech3,0.139285714
2040,Brazil,PV_CdTe,BAU,PV_CeTd_tech3,0.192857143
2045,Brazil,PV_CdTe,BAU,PV_CeTd_tech3,0.246428571
2050,Brazil,PV_CdTe,BAU,PV_CeTd_tech3,0.3
2025,Mideast,PV_CdTe,BAU,PV_CeTd_tech1,1
2030,Mideast,PV_CdTe,BAU,PV_CeTd_tech1,0.828571429
2035,Mideast,PV_CdTe,BAU,PV_CeTd_tech1,0.721428571
2040,Mideast,PV_CdTe,BAU,PV_CeTd_tech1,0.614285714
2045,Mideast,PV_CdTe,BAU,PV_CeTd_tech1,0.507142857
2050,Mideast,PV_CdTe,BAU,PV_CeTd_tech1,0.4
2025,Mideast,PV_CdTe,BAU,PV_CeTd_tech2,0
2030,Mideast,PV_CdTe,BAU,PV_CeTd_tech2,0.085714286
2035,Mideast,PV_CdTe,BAU,PV_CeTd_tech2,0.139285714
2040,Mideast,PV_CdTe,BAU,PV_CeTd_tech2,0.192857143
2045,Mideast,PV_CdTe,BAU,PV_CeTd_tech2,0.246428571
2050,Mideast,PV_CdTe,BAU,PV_CeTd_tech2,0.3
2025,Mideast,PV_CdTe,BAU,PV_CeTd_tech3,0
2030,Mideast,PV_CdTe,BAU,PV_CeTd_tech3,0.085714286
2035,Mideast,PV_CdTe,BAU,PV_CeTd_tech3,0.139285714
2040,Mideast,PV_CdTe,BAU,PV_CeTd_tech3,0.192857143
2045,Mideast,PV_CdTe,BAU,PV_CeTd_tech3,0.246428571
2050,Mideast,PV_CdTe,BAU,PV_CeTd_tech3,0.3
2025,USA,PV_CdTe,BAU,PV_CeTd_tech1,1
2030,USA,PV_CdTe,BAU,PV_CeTd_tech1,0.76
2035,USA,PV_CdTe,BAU,PV_CeTd_tech1,0.61
2040,USA,PV_CdTe,BAU,PV_CeTd_tech1,0.46
2045,USA,PV_CdTe,BAU,PV_CeTd_tech1,0.31
2050,USA,PV_CdTe,BAU,PV_CeTd_tech1,0.16
2025,USA,PV_CdTe,BAU,PV_CeTd_tech2,0
2030,USA,PV_CdTe,BAU,PV_CeTd_tech2,0.12
2035,USA,PV_CdTe,BAU,PV_CeTd_tech2,0.195
2040,USA,PV_CdTe,BAU,PV_CeTd_tech2,0.27
2045,USA,PV_CdTe,BAU,PV_CeTd_tech2,0.345
2050,USA,PV_CdTe,BAU,PV_CeTd_tech2,0.42
2025,USA,PV_CdTe,BAU,PV_CeTd_tech3,0
2030,USA,PV_CdTe,BAU,PV_CeTd_tech3,0.12
2035,USA,PV_CdTe,BAU,PV_CeTd_tech3,0.195
2040,USA,PV_CdTe,BAU,PV_CeTd_tech3,0.27
2045,USA,PV_CdTe,BAU,PV_CeTd_tech3,0.345
2050,USA,PV_CdTe,BAU,PV_CeTd_tech3,0.42
2025,EU,PV_CdTe,BAU,PV_CeTd_tech1,0.4
2030,EU,PV_CdTe,BAU,PV_CeTd_tech1,0.285714286
2035,EU,PV_CdTe,BAU,PV_CeTd_tech1,0.214285714
2040,EU,PV_CdTe,BAU,PV_CeTd_tech1,0.142857143
2045,EU,PV_CdTe,BAU,PV_CeTd_tech1,0.071428571
2050,EU,PV_CdTe,BAU,PV_CeTd_tech1,0
2025,EU,PV_CdTe,BAU,PV_CeTd_tech2,0.3
2030,EU,PV_CdTe,BAU,PV_CeTd_tech2,0.357142857
2035,EU,PV_CdTe,BAU,PV_CeTd_tech2,0.392857143
2040,EU,PV_CdTe,BAU,PV_CeTd_tech2,0.428571429
2045,EU,PV_CdTe,BAU,PV_CeTd_tech2,0.464285714
2050,EU,PV_CdTe,BAU,PV_CeTd_tech2,0.5
2025,EU,PV_CdTe,BAU,PV_CeTd_tech3,0.3
2030,EU,PV_CdTe,BAU,PV_CeTd_tech3,0.357142857
2035,EU,PV_CdTe,BAU,PV_CeTd_tech3,0.392857143
2040,EU,PV_CdTe,BAU,PV_CeTd_tech3,0.428571429
2045,EU,PV_CdTe,BAU,PV_CeTd_tech3,0.464285714
2050,EU,PV_CdTe,BAU,PV_CeTd_tech3,0.5
2025,China,PV_CdTe,CRT,PV_CeTd_tech1,1
2030,China,PV_CdTe,CRT,PV_CeTd_tech1,0.794285714
2035,China,PV_CdTe,CRT,PV_CeTd_tech1,0.665714286
2040,China,PV_CdTe,CRT,PV_CeTd_tech1,0.537142857
2045,China,PV_CdTe,CRT,PV_CeTd_tech1,0.408571429
2050,China,PV_CdTe,CRT,PV_CeTd_tech1,0.28
2025,China,PV_CdTe,CRT,PV_CeTd_tech2,0
2030,China,PV_CdTe,CRT,PV_CeTd_tech2,0.205714286
2035,China,PV_CdTe,CRT,PV_CeTd_tech2,0.334285714
2040,China,PV_CdTe,CRT,PV_CeTd_tech2,0.462857143
2045,China,PV_CdTe,CRT,PV_CeTd_tech2,0.591428571
2050,China,PV_CdTe,CRT,PV_CeTd_tech2,0.72
2025,China,PV_CdTe,CRT,PV_CeTd_tech3,0
2030,China,PV_CdTe,CRT,PV_CeTd_tech3,0
2035,China,PV_CdTe,CRT,PV_CeTd_tech3,0
2040,China,PV_CdTe,CRT,PV_CeTd_tech3,0
2045,China,PV_CdTe,CRT,PV_CeTd_tech3,0
2050,China,PV_CdTe,CRT,PV_CeTd_tech3,0
2025,India,PV_CdTe,CRT,PV_CeTd_tech1,1
2030,India,PV_CdTe,CRT,PV_CeTd_tech1,0.828571429
2035,India,PV_CdTe,CRT,PV_CeTd_tech1,0.721428571
2040,India,PV_CdTe,CRT,PV_CeTd_tech1,0.614285714
2045,India,PV_CdTe,CRT,PV_CeTd_tech1,0.507142857
2050,India,PV_CdTe,CRT,PV_CeTd_tech1,0.4
2025,India,PV_CdTe,CRT,PV_CeTd_tech2,0
2030,India,PV_CdTe,CRT,PV_CeTd_tech2,0.171428571
2035,India,PV_CdTe,CRT,PV_CeTd_tech2,0.278571429
2040,India,PV_CdTe,CRT,PV_CeTd_tech2,0.385714286
2045,India,PV_CdTe,CRT,PV_CeTd_tech2,0.492857143
2050,India,PV_CdTe,CRT,PV_CeTd_tech2,0.6
2025,India,PV_CdTe,CRT,PV_CeTd_tech3,0
2030,India,PV_CdTe,CRT,PV_CeTd_tech3,0
2035,India,PV_CdTe,CRT,PV_CeTd_tech3,0
2040,India,PV_CdTe,CRT,PV_CeTd_tech3,0
2045,India,PV_CdTe,CRT,PV_CeTd_tech3,0
2050,India,PV_CdTe,CRT,PV_CeTd_tech3,0
2025,Brazil,PV_CdTe,CRT,PV_CeTd_tech1,1
2030,Brazil,PV_CdTe,CRT,PV_CeTd_tech1,0.828571429
2035,Brazil,PV_CdTe,CRT,PV_CeTd_tech1,0.721428571
2040,Brazil,PV_CdTe,CRT,PV_CeTd_tech1,0.614285714
2045,Brazil,PV_CdTe,CRT,PV_CeTd_tech1,0.507142857
2050,Brazil,PV_CdTe,CRT,PV_CeTd_tech1,0.4
2025,Brazil,PV_CdTe,CRT,PV_CeTd_tech2,0
2030,Brazil,PV_CdTe,CRT,PV_CeTd_tech2,0.171428571
2035,Brazil,PV_CdTe,CRT,PV_CeTd_tech2,0.278571429
2040,Brazil,PV_CdTe,CRT,PV_CeTd_tech2,0.385714286
2045,Brazil,PV_CdTe,CRT,PV_CeTd_tech2,0.492857143
2050,Brazil,PV_CdTe,CRT,PV_CeTd_tech2,0.6
2025,Brazil,PV_CdTe,CRT,PV_CeTd_tech3,0
2030,Brazil,PV_CdTe,CRT,PV_CeTd_tech3,0
2035,Brazil,PV_CdTe,CRT,PV_CeTd_tech3,0
2040,Brazil,PV_CdTe,CRT,PV_CeTd_tech3,0
2045,Brazil,PV_CdTe,CRT,PV_CeTd_tech3,0
2050,Brazil,PV_CdTe,CRT,PV_CeTd_tech3,0
2025,Mideast,PV_CdTe,CRT,PV_CeTd_tech1,1
2030,Mideast,PV_CdTe,CRT,PV_CeTd_tech1,0.828571429
2035,Mideast,PV_CdTe,CRT,PV_CeTd_tech1,0.721428571
2040,Mideast,PV_CdTe,CRT,PV_CeTd_tech1,0.614285714
2045,Mideast,PV_CdTe,CRT,PV_CeTd_tech1,0.507142857
2050,Mideast,PV_CdTe,CRT,PV_CeTd_tech1,0.4
2025,Mideast,PV_CdTe,CRT,PV_CeTd_tech2,0
2030,Mideast,PV_CdTe,CRT,PV_CeTd_tech2,0.171428571
2035,Mideast,PV_CdTe,CRT,PV_CeTd_tech2,0.278571429
2040,Mideast,PV_CdTe,CRT,PV_CeTd_tech2,0.385714286
2045,Mideast,PV_CdTe,CRT,PV_CeTd_tech2,0.492857143
2050,Mideast,PV_CdTe,CRT,PV_CeTd_tech2,0.6
2025,Mideast,PV_CdTe,CRT,PV_CeTd_tech3,0
2030,Mideast,PV_CdTe,CRT,PV_CeTd_tech3,0
2035,Mideast,PV_CdTe,CRT,PV_CeTd_tech3,0
2040,Mideast,PV_CdTe,CRT,PV_CeTd_tech3,0
2045,Mideast,PV_CdTe,CRT,PV_CeTd_tech3,0
2050,Mideast,PV_CdTe,CRT,PV_CeTd_tech3,0
2025,USA,PV_CdTe,CRT,PV_CeTd_tech1,1
2030,USA,PV_CdTe,CRT,PV_CeTd_tech1,0.76
2035,USA,PV_CdTe,CRT,PV_CeTd_tech1,0.61
2040,USA,PV_CdTe,CRT,PV_CeTd_tech1,0.46
2045,USA,PV_CdTe,CRT,PV_CeTd_tech1,0.31
2050,USA,PV_CdTe,CRT,PV_CeTd_tech1,0.16
2025,USA,PV_CdTe,CRT,PV_CeTd_tech2,0
2030,USA,PV_CdTe,CRT,PV_CeTd_tech2,0.24
2035,USA,PV_CdTe,CRT,PV_CeTd_tech2,0.39
2040,USA,PV_CdTe,CRT,PV_CeTd_tech2,0.54
2045,USA,PV_CdTe,CRT,PV_CeTd_tech2,0.69
2050,USA,PV_CdTe,CRT,PV_CeTd_tech2,0.84
2025,USA,PV_CdTe,CRT,PV_CeTd_tech3,0
2030,USA,PV_CdTe,CRT,PV_CeTd_tech3,0
2035,USA,PV_CdTe,CRT,PV_CeTd_tech3,0
2040,USA,PV_CdTe,CRT,PV_CeTd_tech3,0
2045,USA,PV_CdTe,CRT,PV_CeTd_tech3,0
2050,USA,PV_CdTe,CRT,PV_CeTd_tech3,0
2025,EU,PV_CdTe,CRT,PV_CeTd_tech1,0.4
2030,EU,PV_CdTe,CRT,PV_CeTd_tech1,0.285714286
2035,EU,PV_CdTe,CRT,PV_CeTd_tech1,0.214285714
2040,EU,PV_CdTe,CRT,PV_CeTd_tech1,0.142857143
2045,EU,PV_CdTe,CRT,PV_CeTd_tech1,0.071428571
2050,EU,PV_CdTe,CRT,PV_CeTd_tech1,0
2025,EU,PV_CdTe,CRT,PV_CeTd_tech2,0.3
2030,EU,PV_CdTe,CRT,PV_CeTd_tech2,0.5
2035,EU,PV_CdTe,CRT,PV_CeTd_tech2,0.625
2040,EU,PV_CdTe,CRT,PV_CeTd_tech2,0.75
2045,EU,PV_CdTe,CRT,PV_CeTd_tech2,0.875
2050,EU,PV_CdTe,CRT,PV_CeTd_tech2,1
2025,EU,PV_CdTe,CRT,PV_CeTd_tech3,0.3
2030,EU,PV_CdTe,CRT,PV_CeTd_tech3,0.214285714
2035,EU,PV_CdTe,CRT,PV_CeTd_tech3,0.160714286
2040,EU,PV_CdTe,CRT,PV_CeTd_tech3,0.107142857
2045,EU,PV_CdTe,CRT,PV_CeTd_tech3,0.053571429
2050,EU,PV_CdTe,CRT,PV_CeTd_tech3,0
2025,China,Wind_GFRP,BAU,Wind_GFRP_tech1,1
2030,China,Wind_GFRP,BAU,Wind_GFRP_tech1,0.794285714
2035,China,Wind_GFRP,BAU,Wind_GFRP_tech1,0.665714286
2040,China,Wind_GFRP,BAU,Wind_GFRP_tech1,0.537142857
2045,China,Wind_GFRP,BAU,Wind_GFRP_tech1,0.408571429
2050,China,Wind_GFRP,BAU,Wind_GFRP_tech1,0.28
2025,China,Wind_GFRP,BAU,Wind_GFRP_tech2,0
2030,China,Wind_GFRP,BAU,Wind_GFRP_tech2,0.068571429
2035,China,Wind_GFRP,BAU,Wind_GFRP_tech2,0.111428571
2040,China,Wind_GFRP,BAU,Wind_GFRP_tech2,0.154285714
2045,China,Wind_GFRP,BAU,Wind_GFRP_tech2,0.197142857
2050,China,Wind_GFRP,BAU,Wind_GFRP_tech2,0.24
2025,China,Wind_GFRP,BAU,Wind_GFRP_tech3,0
2030,China,Wind_GFRP,BAU,Wind_GFRP_tech3,0.068571429
2035,China,Wind_GFRP,BAU,Wind_GFRP_tech3,0.111428571
2040,China,Wind_GFRP,BAU,Wind_GFRP_tech3,0.154285714
2045,China,Wind_GFRP,BAU,Wind_GFRP_tech3,0.197142857
2050,China,Wind_GFRP,BAU,Wind_GFRP_tech3,0.24
2025,China,Wind_GFRP,BAU,Wind_GFRP_tech4,0
2030,China,Wind_GFRP,BAU,Wind_GFRP_tech4,0.068571429
2035,China,Wind_GFRP,BAU,Wind_GFRP_tech4,0.111428571
2040,China,Wind_GFRP,BAU,Wind_GFRP_tech4,0.154285714
2045,China,Wind_GFRP,BAU,Wind_GFRP_tech4,0.197142857
2050,China,Wind_GFRP,BAU,Wind_GFRP_tech4,0.24
2025,India,Wind_GFRP,BAU,Wind_GFRP_tech1,1
2030,India,Wind_GFRP,BAU,Wind_GFRP_tech1,0.828571429
2035,India,Wind_GFRP,BAU,Wind_GFRP_tech1,0.721428571
2040,India,Wind_GFRP,BAU,Wind_GFRP_tech1,0.614285714
2045,India,Wind_GFRP,BAU,Wind_GFRP_tech1,0.507142857
2050,India,Wind_GFRP,BAU,Wind_GFRP_tech1,0.4
2025,India,Wind_GFRP,BAU,Wind_GFRP_tech2,0
2030,India,Wind_GFRP,BAU,Wind_GFRP_tech2,0.057142857
2035,India,Wind_GFRP,BAU,Wind_GFRP_tech2,0.092857143
2040,India,Wind_GFRP,BAU,Wind_GFRP_tech2,0.128571429
2045,India,Wind_GFRP,BAU,Wind_GFRP_tech2,0.164285714
2050,India,Wind_GFRP,BAU,Wind_GFRP_tech2,0.2
2025,India,Wind_GFRP,BAU,Wind_GFRP_tech3,0
2030,India,Wind_GFRP,BAU,Wind_GFRP_tech3,0.057142857
2035,India,Wind_GFRP,BAU,Wind_GFRP_tech3,0.092857143
2040,India,Wind_GFRP,BAU,Wind_GFRP_tech3,0.128571429
2045,India,Wind_GFRP,BAU,Wind_GFRP_tech3,0.164285714
2050,India,Wind_GFRP,BAU,Wind_GFRP_tech3,0.2
2025,India,Wind_GFRP,BAU,Wind_GFRP_tech4,0
2030,India,Wind_GFRP,BAU,Wind_GFRP_tech4,0.057142857
2035,India,Wind_GFRP,BAU,Wind_GFRP_tech4,0.092857143
2040,India,Wind_GFRP,BAU,Wind_GFRP_tech4,0.128571429
2045,India,Wind_GFRP,BAU,Wind_GFRP_tech4,0.164285714
2050,India,Wind_GFRP,BAU,Wind_GFRP_tech4,0.2
2025,Brazil,Wind_GFRP,BAU,Wind_GFRP_tech1,1
2030,Brazil,Wind_GFRP,BAU,Wind_GFRP_tech1,0.828571429
2035,Brazil,Wind_GFRP,BAU,Wind_GFRP_tech1,0.721428571
2040,Brazil,Wind_GFRP,BAU,Wind_GFRP_tech1,0.614285714
2045,Brazil,Wind_GFRP,BAU,Wind_GFRP_tech1,0.507142857
2050,Brazil,Wind_GFRP,BAU,Wind_GFRP_tech1,0.4
2025,Brazil,Wind_GFRP,BAU,Wind_GFRP_tech2,0
2030,Brazil,Wind_GFRP,BAU,Wind_GFRP_tech2,0.057142857
2035,Brazil,Wind_GFRP,BAU,Wind_GFRP_tech2,0.092857143
2040,Brazil,Wind_GFRP,BAU,Wind_GFRP_tech2,0.128571429
2045,Brazil,Wind_GFRP,BAU,Wind_GFRP_tech2,0.164285714
2050,Brazil,Wind_GFRP,BAU,Wind_GFRP_tech2,0.2
2025,Brazil,Wind_GFRP,BAU,Wind_GFRP_tech3,0
2030,Brazil,Wind_GFRP,BAU,Wind_GFRP_tech3,0.057142857
2035,Brazil,Wind_GFRP,BAU,Wind_GFRP_tech3,0.092857143
2040,Brazil,Wind_GFRP,BAU,Wind_GFRP_tech3,0.128571429
2045,Brazil,Wind_GFRP,BAU,Wind_GFRP_tech3,0.164285714
2050,Brazil,Wind_GFRP,BAU,Wind_GFRP_tech3,0.2
2025,Brazil,Wind_GFRP,BAU,Wind_GFRP_tech4,0
2030,Brazil,Wind_GFRP,BAU,Wind_GFRP_tech4,0.057142857
2035,Brazil,Wind_GFRP,BAU,Wind_GFRP_tech4,0.092857143
2040,Brazil,Wind_GFRP,BAU,Wind_GFRP_tech4,0.128571429
2045,Brazil,Wind_GFRP,BAU,Wind_GFRP_tech4,0.164285714
2050,Brazil,Wind_GFRP,BAU,Wind_GFRP_tech4,0.2
2025,Mideast,Wind_GFRP,BAU,Wind_GFRP_tech1,1
2030,Mideast,Wind_GFRP,BAU,Wind_GFRP_tech1,0.828571429
2035,Mideast,Wind_GFRP,BAU,Wind_GFRP_tech1,0.721428571
2040,Mideast,Wind_GFRP,BAU,Wind_GFRP_tech1,0.614285714
2045,Mideast,Wind_GFRP,BAU,Wind_GFRP_tech1,0.507142857
2050,Mideast,Wind_GFRP,BAU,Wind_GFRP_tech1,0.4
2025,Mideast,Wind_GFRP,BAU,Wind_GFRP_tech2,0
2030,Mideast,Wind_GFRP,BAU,Wind_GFRP_tech2,0.057142857
2035,Mideast,Wind_GFRP,BAU,Wind_GFRP_tech2,0.092857143
2040,Mideast,Wind_GFRP,BAU,Wind_GFRP_tech2,0.128571429
2045,Mideast,Wind_GFRP,BAU,Wind_GFRP_tech2,0.164285714
2050,Mideast,Wind_GFRP,BAU,Wind_GFRP_tech2,0.2
2025,Mideast,Wind_GFRP,BAU,Wind_GFRP_tech3,0
2030,Mideast,Wind_GFRP,BAU,Wind_GFRP_tech3,0.057142857
2035,Mideast,Wind_GFRP,BAU,Wind_GFRP_tech3,0.092857143
2040,Mideast,Wind_GFRP,BAU,Wind_GFRP_tech3,0.128571429
2045,Mideast,Wind_GFRP,BAU,Wind_GFRP_tech3,0.164285714
2050,Mideast,Wind_GFRP,BAU,Wind_GFRP_tech3,0.2
2025,Mideast,Wind_GFRP,BAU,Wind_GFRP_tech4,0
2030,Mideast,Wind_GFRP,BAU,Wind_GFRP_tech4,0.057142857
2035,Mideast,Wind_GFRP,BAU,Wind_GFRP_tech4,0.092857143
2040,Mideast,Wind_GFRP,BAU,Wind_GFRP_tech4,0.128571429
2045,Mideast,Wind_GFRP,BAU,Wind_GFRP_tech4,0.164285714
2050,Mideast,Wind_GFRP,BAU,Wind_GFRP_tech4,0.2
2025,USA,Wind_GFRP,BAU,Wind_GFRP_tech1,1
2030,USA,Wind_GFRP,BAU,Wind_GFRP_tech1,0.76
2035,USA,Wind_GFRP,BAU,Wind_GFRP_tech1,0.61
2040,USA,Wind_GFRP,BAU,Wind_GFRP_tech1,0.46
2045,USA,Wind_GFRP,BAU,Wind_GFRP_tech1,0.31
2050,USA,Wind_GFRP,BAU,Wind_GFRP_tech1,0.16
2025,USA,Wind_GFRP,BAU,Wind_GFRP_tech2,0
2030,USA,Wind_GFRP,BAU,Wind_GFRP_tech2,0.08
2035,USA,Wind_GFRP,BAU,Wind_GFRP_tech2,0.13
2040,USA,Wind_GFRP,BAU,Wind_GFRP_tech2,0.18
2045,USA,Wind_GFRP,BAU,Wind_GFRP_tech2,0.23
2050,USA,Wind_GFRP,BAU,Wind_GFRP_tech2,0.28
2025,USA,Wind_GFRP,BAU,Wind_GFRP_tech3,0
2030,USA,Wind_GFRP,BAU,Wind_GFRP_tech3,0.08
2035,USA,Wind_GFRP,BAU,Wind_GFRP_tech3,0.13
2040,USA,Wind_GFRP,BAU,Wind_GFRP_tech3,0.18
2045,USA,Wind_GFRP,BAU,Wind_GFRP_tech3,0.23
2050,USA,Wind_GFRP,BAU,Wind_GFRP_tech3,0.28
2025,USA,Wind_GFRP,BAU,Wind_GFRP_tech4,0
2030,USA,Wind_GFRP,BAU,Wind_GFRP_tech4,0.08
2035,USA,Wind_GFRP,BAU,Wind_GFRP_tech4,0.13
2040,USA,Wind_GFRP,BAU,Wind_GFRP_tech4,0.18
2045,USA,Wind_GFRP,BAU,Wind_GFRP_tech4,0.23
2050,USA,Wind_GFRP,BAU,Wind_GFRP_tech4,0.28
2025,EU,Wind_GFRP,BAU,Wind_GFRP_tech1,0.49
2030,EU,Wind_GFRP,BAU,Wind_GFRP_tech1,0.35
2035,EU,Wind_GFRP,BAU,Wind_GFRP_tech1,0.2625
2040,EU,Wind_GFRP,BAU,Wind_GFRP_tech1,0.175
2045,EU,Wind_GFRP,BAU,Wind_GFRP_tech1,0.0875
2050,EU,Wind_GFRP,BAU,Wind_GFRP_tech1,0
2025,EU,Wind_GFRP,BAU,Wind_GFRP_tech2,0.17
2030,EU,Wind_GFRP,BAU,Wind_GFRP_tech2,0.216657143
2035,EU,Wind_GFRP,BAU,Wind_GFRP_tech2,0.245817857
2040,EU,Wind_GFRP,BAU,Wind_GFRP_tech2,0.274978571
2045,EU,Wind_GFRP,BAU,Wind_GFRP_tech2,0.304139286
2050,EU,Wind_GFRP,BAU,Wind_GFRP_tech2,0.3333
2025,EU,Wind_GFRP,BAU,Wind_GFRP_tech3,0.17
2030,EU,Wind_GFRP,BAU,Wind_GFRP_tech3,0.216657143
2035,EU,Wind_GFRP,BAU,Wind_GFRP_tech3,0.245817857
2040,EU,Wind_GFRP,BAU,Wind_GFRP_tech3,0.274978571
2045,EU,Wind_GFRP,BAU,Wind_GFRP_tech3,0.304139286
2050,EU,Wind_GFRP,BAU,Wind_GFRP_tech3,0.3333
2025,EU,Wind_GFRP,BAU,Wind_GFRP_tech4,0.17
2030,EU,Wind_GFRP,BAU,Wind_GFRP_tech4,0.216685714
2035,EU,Wind_GFRP,BAU,Wind_GFRP_tech4,0.245864286
2040,EU,Wind_GFRP,BAU,Wind_GFRP_tech4,0.275042857
2045,EU,Wind_GFRP,BAU,Wind_GFRP_tech4,0.304221429
2050,EU,Wind_GFRP,BAU,Wind_GFRP_tech4,0.3334
2025,China,Wind_GFRP,CRT,Wind_GFRP_tech1,1
2030,China,Wind_GFRP,CRT,Wind_GFRP_tech1,0.794285714
2035,China,Wind_GFRP,CRT,Wind_GFRP_tech1,0.665714286
2040,China,Wind_GFRP,CRT,Wind_GFRP_tech1,0.537142857
2045,China,Wind_GFRP,CRT,Wind_GFRP_tech1,0.408571429
2050,China,Wind_GFRP,CRT,Wind_GFRP_tech1,0.28
2025,China,Wind_GFRP,CRT,Wind_GFRP_tech2,0
2030,China,Wind_GFRP,CRT,Wind_GFRP_tech2,0
2035,China,Wind_GFRP,CRT,Wind_GFRP_tech2,0
2040,China,Wind_GFRP,CRT,Wind_GFRP_tech2,0
2045,China,Wind_GFRP,CRT,Wind_GFRP_tech2,0
2050,China,Wind_GFRP,CRT,Wind_GFRP_tech2,0
2025,China,Wind_GFRP,CRT,Wind_GFRP_tech3,0
2030,China,Wind_GFRP,CRT,Wind_GFRP_tech3,0.082285714
2035,China,Wind_GFRP,CRT,Wind_GFRP_tech3,0.133714286
2040,China,Wind_GFRP,CRT,Wind_GFRP_tech3,0.185142857
2045,China,Wind_GFRP,CRT,Wind_GFRP_tech3,0.236571429
2050,China,Wind_GFRP,CRT,Wind_GFRP_tech3,0.288
2025,China,Wind_GFRP,CRT,Wind_GFRP_tech4,0
2030,China,Wind_GFRP,CRT,Wind_GFRP_tech4,0.123428571
2035,China,Wind_GFRP,CRT,Wind_GFRP_tech4,0.200571429
2040,China,Wind_GFRP,CRT,Wind_GFRP_tech4,0.277714286
2045,China,Wind_GFRP,CRT,Wind_GFRP_tech4,0.354857143
2050,China,Wind_GFRP,CRT,Wind_GFRP_tech4,0.432
2025,India,Wind_GFRP,CRT,Wind_GFRP_tech1,1
2030,India,Wind_GFRP,CRT,Wind_GFRP_tech1,0.828571429
2035,India,Wind_GFRP,CRT,Wind_GFRP_tech1,0.721428571
2040,India,Wind_GFRP,CRT,Wind_GFRP_tech1,0.614285714
2045,India,Wind_GFRP,CRT,Wind_GFRP_tech1,0.507142857
2050,India,Wind_GFRP,CRT,Wind_GFRP_tech1,0.4
2025,India,Wind_GFRP,CRT,Wind_GFRP_tech2,0
2030,India,Wind_GFRP,CRT,Wind_GFRP_tech2,0
2035,India,Wind_GFRP,CRT,Wind_GFRP_tech2,0
2040,India,Wind_GFRP,CRT,Wind_GFRP_tech2,0
2045,India,Wind_GFRP,CRT,Wind_GFRP_tech2,0
2050,India,Wind_GFRP,CRT,Wind_GFRP_tech2,0
2025,India,Wind_GFRP,CRT,Wind_GFRP_tech3,0
2030,India,Wind_GFRP,CRT,Wind_GFRP_tech3,0.068571429
2035,India,Wind_GFRP,CRT,Wind_GFRP_tech3,0.111428571
2040,India,Wind_GFRP,CRT,Wind_GFRP_tech3,0.154285714
2045,India,Wind_GFRP,CRT,Wind_GFRP_tech3,0.197142857
2050,India,Wind_GFRP,CRT,Wind_GFRP_tech3,0.24
2025,India,Wind_GFRP,CRT,Wind_GFRP_tech4,0
2030,India,Wind_GFRP,CRT,Wind_GFRP_tech4,0.102857143
2035,India,Wind_GFRP,CRT,Wind_GFRP_tech4,0.167142857
2040,India,Wind_GFRP,CRT,Wind_GFRP_tech4,0.231428571
2045,India,Wind_GFRP,CRT,Wind_GFRP_tech4,0.295714286
2050,India,Wind_GFRP,CRT,Wind_GFRP_tech4,0.36
2025,Brazil,Wind_GFRP,CRT,Wind_GFRP_tech1,1
2030,Brazil,Wind_GFRP,CRT,Wind_GFRP_tech1,0.828571429
2035,Brazil,Wind_GFRP,CRT,Wind_GFRP_tech1,0.721428571
2040,Brazil,Wind_GFRP,CRT,Wind_GFRP_tech1,0.614285714
2045,Brazil,Wind_GFRP,CRT,Wind_GFRP_tech1,0.507142857
2050,Brazil,Wind_GFRP,CRT,Wind_GFRP_tech1,0.4
2025,Brazil,Wind_GFRP,CRT,Wind_GFRP_tech2,0
2030,Brazil,Wind_GFRP,CRT,Wind_GFRP_tech2,0
2035,Brazil,Wind_GFRP,CRT,Wind_GFRP_tech2,0
2040,Brazil,Wind_GFRP,CRT,Wind_GFRP_tech2,0
2045,Brazil,Wind_GFRP,CRT,Wind_GFRP_tech2,0
2050,Brazil,Wind_GFRP,CRT,Wind_GFRP_tech2,0
2025,Brazil,Wind_GFRP,CRT,Wind_GFRP_tech3,0
2030,Brazil,Wind_GFRP,CRT,Wind_GFRP_tech3,0.068571429
2035,Brazil,Wind_GFRP,CRT,Wind_GFRP_tech3,0.111428571
2040,Brazil,Wind_GFRP,CRT,Wind_GFRP_tech3,0.154285714
2045,Brazil,Wind_GFRP,CRT,Wind_GFRP_tech3,0.197142857
2050,Brazil,Wind_GFRP,CRT,Wind_GFRP_tech3,0.24
2025,Brazil,Wind_GFRP,CRT,Wind_GFRP_tech4,0
2030,Brazil,Wind_GFRP,CRT,Wind_GFRP_tech4,0.102857143
2035,Brazil,Wind_GFRP,CRT,Wind_GFRP_tech4,0.167142857
2040,Brazil,Wind_GFRP,CRT,Wind_GFRP_tech4,0.231428571
2045,Brazil,Wind_GFRP,CRT,Wind_GFRP_tech4,0.295714286
2050,Brazil,Wind_GFRP,CRT,Wind_GFRP_tech4,0.36
2025,Mideast,Wind_GFRP,CRT,Wind_GFRP_tech1,1
2030,Mideast,Wind_GFRP,CRT,Wind_GFRP_tech1,0.828571429
2035,Mideast,Wind_GFRP,CRT,Wind_GFRP_tech1,0.721428571
2040,Mideast,Wind_GFRP,CRT,Wind_GFRP_tech1,0.614285714
2045,Mideast,Wind_GFRP,CRT,Wind_GFRP_tech1,0.507142857
2050,Mideast,Wind_GFRP,CRT,Wind_GFRP_tech1,0.4
2025,Mideast,Wind_GFRP,CRT,Wind_GFRP_tech2,0
2030,Mideast,Wind_GFRP,CRT,Wind_GFRP_tech2,0
2035,Mideast,Wind_GFRP,CRT,Wind_GFRP_tech2,0
2040,Mideast,Wind_GFRP,CRT,Wind_GFRP_tech2,0
2045,Mideast,Wind_GFRP,CRT,Wind_GFRP_tech2,0
2050,Mideast,Wind_GFRP,CRT,Wind_GFRP_tech2,0
2025,Mideast,Wind_GFRP,CRT,Wind_GFRP_tech3,0
2030,Mideast,Wind_GFRP,CRT,Wind_GFRP_tech3,0.068571429
2035,Mideast,Wind_GFRP,CRT,Wind_GFRP_tech3,0.111428571
2040,Mideast,Wind_GFRP,CRT,Wind_GFRP_tech3,0.154285714
2045,Mideast,Wind_GFRP,CRT,Wind_GFRP_tech3,0.197142857
2050,Mideast,Wind_GFRP,CRT,Wind_GFRP_tech3,0.24
2025,Mideast,Wind_GFRP,CRT,Wind_GFRP_tech4,0
2030,Mideast,Wind_GFRP,CRT,Wind_GFRP_tech4,0.102857143
2035,Mideast,Wind_GFRP,CRT,Wind_GFRP_tech4,0.167142857
2040,Mideast,Wind_GFRP,CRT,Wind_GFRP_tech4,0.231428571
2045,Mideast,Wind_GFRP,CRT,Wind_GFRP_tech4,0.295714286
2050,Mideast,Wind_GFRP,CRT,Wind_GFRP_tech4,0.36
2025,USA,Wind_GFRP,CRT,Wind_GFRP_tech1,1
2030,USA,Wind_GFRP,CRT,Wind_GFRP_tech1,0.76
2035,USA,Wind_GFRP,CRT,Wind_GFRP_tech1,0.61
2040,USA,Wind_GFRP,CRT,Wind_GFRP_tech1,0.46
2045,USA,Wind_GFRP,CRT,Wind_GFRP_tech1,0.31
2050,USA,Wind_GFRP,CRT,Wind_GFRP_tech1,0.16
2025,USA,Wind_GFRP,CRT,Wind_GFRP_tech2,0
2030,USA,Wind_GFRP,CRT,Wind_GFRP_tech2,0
2035,USA,Wind_GFRP,CRT,Wind_GFRP_tech2,0
2040,USA,Wind_GFRP,CRT,Wind_GFRP_tech2,0
2045,USA,Wind_GFRP,CRT,Wind_GFRP_tech2,0
2050,USA,Wind_GFRP,CRT,Wind_GFRP_tech2,0
2025,USA,Wind_GFRP,CRT,Wind_GFRP_tech3,0
2030,USA,Wind_GFRP,CRT,Wind_GFRP_tech3,0.096
2035,USA,Wind_GFRP,CRT,Wind_GFRP_tech3,0.156
2040,USA,Wind_GFRP,CRT,Wind_GFRP_tech3,0.216
2045,USA,Wind_GFRP,CRT,Wind_GFRP_tech3,0.276
2050,USA,Wind_GFRP,CRT,Wind_GFRP_tech3,0.336
2025,USA,Wind_GFRP,CRT,Wind_GFRP_tech4,0
2030,USA,Wind_GFRP,CRT,Wind_GFRP_tech4,0.144
2035,USA,Wind_GFRP,CRT,Wind_GFRP_tech4,0.234
2040,USA,Wind_GFRP,CRT,Wind_GFRP_tech4,0.324
2045,USA,Wind_GFRP,CRT,Wind_GFRP_tech4,0.414
2050,USA,Wind_GFRP,CRT,Wind_GFRP_tech4,0.504
2025,EU,Wind_GFRP,CRT,Wind_GFRP_tech1,0.49
2030,EU,Wind_GFRP,CRT,Wind_GFRP_tech1,0.35
2035,EU,Wind_GFRP,CRT,Wind_GFRP_tech1,0.2625
2040,EU,Wind_GFRP,CRT,Wind_GFRP_tech1,0.175
2045,EU,Wind_GFRP,CRT,Wind_GFRP_tech1,0.0875
2050,EU,Wind_GFRP,CRT,Wind_GFRP_tech1,0
2025,EU,Wind_GFRP,CRT,Wind_GFRP_tech2,0.17
2030,EU,Wind_GFRP,CRT,Wind_GFRP_tech2,0.121428571
2035,EU,Wind_GFRP,CRT,Wind_GFRP_tech2,0.091071429
2040,EU,Wind_GFRP,CRT,Wind_GFRP_tech2,0.060714286
2045,EU,Wind_GFRP,CRT,Wind_GFRP_tech2,0.030357143
2050,EU,Wind_GFRP,CRT,Wind_GFRP_tech2,0
2025,EU,Wind_GFRP,CRT,Wind_GFRP_tech3,0.17
2030,EU,Wind_GFRP,CRT,Wind_GFRP_tech3,0.235714286
2035,EU,Wind_GFRP,CRT,Wind_GFRP_tech3,0.276785714
2040,EU,Wind_GFRP,CRT,Wind_GFRP_tech3,0.317857143
2045,EU,Wind_GFRP,CRT,Wind_GFRP_tech3,0.358928571
2050,EU,Wind_GFRP,CRT,Wind_GFRP_tech3,0.4
2025,EU,Wind_GFRP,CRT,Wind_GFRP_tech4,0.17
2030,EU,Wind_GFRP,CRT,Wind_GFRP_tech4,0.292857143
2035,EU,Wind_GFRP,CRT,Wind_GFRP_tech4,0.369642857
2040,EU,Wind_GFRP,CRT,Wind_GFRP_tech4,0.446428571
2045,EU,Wind_GFRP,CRT,Wind_GFRP_tech4,0.523214286
2050,EU,Wind_GFRP,CRT,Wind_GFRP_tech4,0.6
2025,China,Wind_CFRP,BAU,Wind_CFRP_tech1,1
2030,China,Wind_CFRP,BAU,Wind_CFRP_tech1,0.794285714
2035,China,Wind_CFRP,BAU,Wind_CFRP_tech1,0.665714286
2040,China,Wind_CFRP,BAU,Wind_CFRP_tech1,0.537142857
2045,China,Wind_CFRP,BAU,Wind_CFRP_tech1,0.408571429
2050,China,Wind_CFRP,BAU,Wind_CFRP_tech1,0.28
2025,China,Wind_CFRP,BAU,Wind_CFRP_tech2,0
2030,China,Wind_CFRP,BAU,Wind_CFRP_tech2,0.205714286
2035,China,Wind_CFRP,BAU,Wind_CFRP_tech2,0.334285714
2040,China,Wind_CFRP,BAU,Wind_CFRP_tech2,0.462857143
2045,China,Wind_CFRP,BAU,Wind_CFRP_tech2,0.591428571
2050,China,Wind_CFRP,BAU,Wind_CFRP_tech2,0.72
2025,India,Wind_CFRP,BAU,Wind_CFRP_tech1,1
2030,India,Wind_CFRP,BAU,Wind_CFRP_tech1,0.828571429
2035,India,Wind_CFRP,BAU,Wind_CFRP_tech1,0.721428571
2040,India,Wind_CFRP,BAU,Wind_CFRP_tech1,0.614285714
2045,India,Wind_CFRP,BAU,Wind_CFRP_tech1,0.507142857
2050,India,Wind_CFRP,BAU,Wind_CFRP_tech1,0.4
2025,India,Wind_CFRP,BAU,Wind_CFRP_tech2,0
2030,India,Wind_CFRP,BAU,Wind_CFRP_tech2,0.171428571
2035,India,Wind_CFRP,BAU,Wind_CFRP_tech2,0.278571429
2040,India,Wind_CFRP,BAU,Wind_CFRP_tech2,0.385714286
2045,India,Wind_CFRP,BAU,Wind_CFRP_tech2,0.492857143
2050,India,Wind_CFRP,BAU,Wind_CFRP_tech2,0.6
2025,Brazil,Wind_CFRP,BAU,Wind_CFRP_tech1,1
2030,Brazil,Wind_CFRP,BAU,Wind_CFRP_tech1,0.828571429
2035,Brazil,Wind_CFRP,BAU,Wind_CFRP_tech1,0.721428571
2040,Brazil,Wind_CFRP,BAU,Wind_CFRP_tech1,0.614285714
2045,Brazil,Wind_CFRP,BAU,Wind_CFRP_tech1,0.507142857
2050,Brazil,Wind_CFRP,BAU,Wind_CFRP_tech1,0.4
2025,Brazil,Wind_CFRP,BAU,Wind_CFRP_tech2,0
2030,Brazil,Wind_CFRP,BAU,Wind_CFRP_tech2,0.171428571
2035,Brazil,Wind_CFRP,BAU,Wind_CFRP_tech2,0.278571429
2040,Brazil,Wind_CFRP,BAU,Wind_CFRP_tech2,0.385714286
2045,Brazil,Wind_CFRP,BAU,Wind_CFRP_tech2,0.492857143
2050,Brazil,Wind_CFRP,BAU,Wind_CFRP_tech2,0.6
2025,Mideast,Wind_CFRP,BAU,Wind_CFRP_tech1,1
2030,Mideast,Wind_CFRP,BAU,Wind_CFRP_tech1,0.828571429
2035,Mideast,Wind_CFRP,BAU,Wind_CFRP_tech1,0.721428571
2040,Mideast,Wind_CFRP,BAU,Wind_CFRP_tech1,0.614285714
2045,Mideast,Wind_CFRP,BAU,Wind_CFRP_tech1,0.507142857
2050,Mideast,Wind_CFRP,BAU,Wind_CFRP_tech1,0.4
2025,Mideast,Wind_CFRP,BAU,Wind_CFRP_tech2,0
2030,Mideast,Wind_CFRP,BAU,Wind_CFRP_tech2,0.171428571
2035,Mideast,Wind_CFRP,BAU,Wind_CFRP_tech2,0.278571429
2040,Mideast,Wind_CFRP,BAU,Wind_CFRP_tech2,0.385714286
2045,Mideast,Wind_CFRP,BAU,Wind_CFRP_tech2,0.492857143
2050,Mideast,Wind_CFRP,BAU,Wind_CFRP_tech2,0.6
2025,USA,Wind_CFRP,BAU,Wind_CFRP_tech1,1
2030,USA,Wind_CFRP,BAU,Wind_CFRP_tech1,0.76
2035,USA,Wind_CFRP,BAU,Wind_CFRP_tech1,0.61
2040,USA,Wind_CFRP,BAU,Wind_CFRP_tech1,0.46
2045,USA,Wind_CFRP,BAU,Wind_CFRP_tech1,0.31
2050,USA,Wind_CFRP,BAU,Wind_CFRP_tech1,0.16
2025,USA,Wind_CFRP,BAU,Wind_CFRP_tech2,0
2030,USA,Wind_CFRP,BAU,Wind_CFRP_tech2,0.24
2035,USA,Wind_CFRP,BAU,Wind_CFRP_tech2,0.39
2040,USA,Wind_CFRP,BAU,Wind_CFRP_tech2,0.54
2045,USA,Wind_CFRP,BAU,Wind_CFRP_tech2,0.69
2050,USA,Wind_CFRP,BAU,Wind_CFRP_tech2,0.84
2025,EU,Wind_CFRP,BAU,Wind_CFRP_tech1,0.49
2030,EU,Wind_CFRP,BAU,Wind_CFRP_tech1,0.35
2035,EU,Wind_CFRP,BAU,Wind_CFRP_tech1,0.2625
2040,EU,Wind_CFRP,BAU,Wind_CFRP_tech1,0.175
2045,EU,Wind_CFRP,BAU,Wind_CFRP_tech1,0.0875
2050,EU,Wind_CFRP,BAU,Wind_CFRP_tech1,0
2025,EU,Wind_CFRP,BAU,Wind_CFRP_tech2,0.51
2030,EU,Wind_CFRP,BAU,Wind_CFRP_tech2,0.65
2035,EU,Wind_CFRP,BAU,Wind_CFRP_tech2,0.7375
2040,EU,Wind_CFRP,BAU,Wind_CFRP_tech2,0.825
2045,EU,Wind_CFRP,BAU,Wind_CFRP_tech2,0.9125
2050,EU,Wind_CFRP,BAU,Wind_CFRP_tech2,1
2025,China,Wind_CFRP,CRT,Wind_CFRP_tech1,1
2030,China,Wind_CFRP,CRT,Wind_CFRP_tech1,0.794285714
2035,China,Wind_CFRP,CRT,Wind_CFRP_tech1,0.665714286
2040,China,Wind_CFRP,CRT,Wind_CFRP_tech1,0.537142857
2045,China,Wind_CFRP,CRT,Wind_CFRP_tech1,0.408571429
2050,China,Wind_CFRP,CRT,Wind_CFRP_tech1,0.28
2025,China,Wind_CFRP,CRT,Wind_CFRP_tech2,0
2030,China,Wind_CFRP,CRT,Wind_CFRP_tech2,0.205714286
2035,China,Wind_CFRP,CRT,Wind_CFRP_tech2,0.334285714
2040,China,Wind_CFRP,CRT,Wind_CFRP_tech2,0.462857143
2045,China,Wind_CFRP,CRT,Wind_CFRP_tech2,0.591428571
2050,China,Wind_CFRP,CRT,Wind_CFRP_tech2,0.72
2025,India,Wind_CFRP,CRT,Wind_CFRP_tech1,1
2030,India,Wind_CFRP,CRT,Wind_CFRP_tech1,0.828571429
2035,India,Wind_CFRP,CRT,Wind_CFRP_tech1,0.721428571
2040,India,Wind_CFRP,CRT,Wind_CFRP_tech1,0.614285714
2045,India,Wind_CFRP,CRT,Wind_CFRP_tech1,0.507142857
2050,India,Wind_CFRP,CRT,Wind_CFRP_tech1,0.4
2025,India,Wind_CFRP,CRT,Wind_CFRP_tech2,0
2030,India,Wind_CFRP,CRT,Wind_CFRP_tech2,0.171428571
2035,India,Wind_CFRP,CRT,Wind_CFRP_tech2,0.278571429
2040,India,Wind_CFRP,CRT,Wind_CFRP_tech2,0.385714286
2045,India,Wind_CFRP,CRT,Wind_CFRP_tech2,0.492857143
2050,India,Wind_CFRP,CRT,Wind_CFRP_tech2,0.6
2025,Brazil,Wind_CFRP,CRT,Wind_CFRP_tech1,1
2030,Brazil,Wind_CFRP,CRT,Wind_CFRP_tech1,0.828571429
2035,Brazil,Wind_CFRP,CRT,Wind_CFRP_tech1,0.721428571
2040,Brazil,Wind_CFRP,CRT,Wind_CFRP_tech1,0.614285714
2045,Brazil,Wind_CFRP,CRT,Wind_CFRP_tech1,0.507142857
2050,Brazil,Wind_CFRP,CRT,Wind_CFRP_tech1,0.4
2025,Brazil,Wind_CFRP,CRT,Wind_CFRP_tech2,0
2030,Brazil,Wind_CFRP,CRT,Wind_CFRP_tech2,0.171428571
2035,Brazil,Wind_CFRP,CRT,Wind_CFRP_tech2,0.278571429
2040,Brazil,Wind_CFRP,CRT,Wind_CFRP_tech2,0.385714286
2045,Brazil,Wind_CFRP,CRT,Wind_CFRP_tech2,0.492857143
2050,Brazil,Wind_CFRP,CRT,Wind_CFRP_tech2,0.6
2025,Mideast,Wind_CFRP,CRT,Wind_CFRP_tech1,1
2030,Mideast,Wind_CFRP,CRT,Wind_CFRP_tech1,0.828571429
2035,Mideast,Wind_CFRP,CRT,Wind_CFRP_tech1,0.721428571
2040,Mideast,Wind_CFRP,CRT,Wind_CFRP_tech1,0.614285714
2045,Mideast,Wind_CFRP,CRT,Wind_CFRP_tech1,0.507142857
2050,Mideast,Wind_CFRP,CRT,Wind_CFRP_tech1,0.4
2025,Mideast,Wind_CFRP,CRT,Wind_CFRP_tech2,0
2030,Mideast,Wind_CFRP,CRT,Wind_CFRP_tech2,0.171428571
2035,Mideast,Wind_CFRP,CRT,Wind_CFRP_tech2,0.278571429
2040,Mideast,Wind_CFRP,CRT,Wind_CFRP_tech2,0.385714286
2045,Mideast,Wind_CFRP,CRT,Wind_CFRP_tech2,0.492857143
2050,Mideast,Wind_CFRP,CRT,Wind_CFRP_tech2,0.6
2025,USA,Wind_CFRP,CRT,Wind_CFRP_tech1,1
2030,USA,Wind_CFRP,CRT,Wind_CFRP_tech1,0.76
2035,USA,Wind_CFRP,CRT,Wind_CFRP_tech1,0.61
2040,USA,Wind_CFRP,CRT,Wind_CFRP_tech1,0.46
2045,USA,Wind_CFRP,CRT,Wind_CFRP_tech1,0.31
2050,USA,Wind_CFRP,CRT,Wind_CFRP_tech1,0.16
2025,USA,Wind_CFRP,CRT,Wind_CFRP_tech2,0
2030,USA,Wind_CFRP,CRT,Wind_CFRP_tech2,0.24
2035,USA,Wind_CFRP,CRT,Wind_CFRP_tech2,0.39
2040,USA,Wind_CFRP,CRT,Wind_CFRP_tech2,0.54
2045,USA,Wind_CFRP,CRT,Wind_CFRP_tech2,0.69
2050,USA,Wind_CFRP,CRT,Wind_CFRP_tech2,0.84
2025,EU,Wind_CFRP,CRT,Wind_CFRP_tech1,0.49
2030,EU,Wind_CFRP,CRT,Wind_CFRP_tech1,0.35
2035,EU,Wind_CFRP,CRT,Wind_CFRP_tech1,0.2625
2040,EU,Wind_CFRP,CRT,Wind_CFRP_tech1,0.175
2045,EU,Wind_CFRP,CRT,Wind_CFRP_tech1,0.0875
2050,EU,Wind_CFRP,CRT,Wind_CFRP_tech1,0
2025,EU,Wind_CFRP,CRT,Wind_CFRP_tech2,0.51
2030,EU,Wind_CFRP,CRT,Wind_CFRP_tech2,0.65
2035,EU,Wind_CFRP,CRT,Wind_CFRP_tech2,0.7375
2040,EU,Wind_CFRP,CRT,Wind_CFRP_tech2,0.825
2045,EU,Wind_CFRP,CRT,Wind_CFRP_tech2,0.9125
2050,EU,Wind_CFRP,CRT,Wind_CFRP_tech2,1
